FundingOrg,ProjectReference,LeadRO,Department,Author,Year
BBSRC,1645289,University of Nottingham,School of Life Sciences,De La Cruz Pech-Canul Á,2019
EPSRC,1868240,University of Edinburgh,Sch of Biological Sciences,Gluszek-Kustusz A,2023
EPSRC,1868240,University of Edinburgh,Sch of Biological Sciences,Craske B,2022
EPSRC,1868240,University of Edinburgh,Sch of Biological Sciences,Craske B,2020
EPSRC,1868240,University of Edinburgh,Sch of Biological Sciences,Craske B,2022
NERC,1934322,University of Bristol,Biological Sciences,Tew N,2021
NERC,1934322,University of Bristol,Biological Sciences,Tew N,2022
NERC,1971900,University of the Highlands and Islands,Scottish Assoc for Marine Science UHI,Cocking J,2022
AHRC,AH/H032630/1,University of Strathclyde,Pure and Applied Chemistry,Gibson L,2010
AHRC,AH/H032630/1,University of Strathclyde,Pure and Applied Chemistry,Mitchell G,2013
AHRC,AH/H032630/1,University of Strathclyde,Pure and Applied Chemistry,Curran K,2018
AHRC,AH/H032630/1,University of Strathclyde,Pure and Applied Chemistry,Mitchell G,2014
AHRC,AH/H032630/1,University of Strathclyde,Pure and Applied Chemistry,Hacke M,2014
AHRC,AH/H032630/1,University of Strathclyde,Pure and Applied Chemistry,Delaney P,2010
AHRC,AH/H032630/1,University of Strathclyde,Pure and Applied Chemistry,Fenech A,2010
AHRC,AH/H032630/1,University of Strathclyde,Pure and Applied Chemistry,Rushworth I,2014
AHRC,AH/H032630/1,University of Strathclyde,Pure and Applied Chemistry,Idris S,2010
AHRC,AH/H032630/1,University of Strathclyde,Pure and Applied Chemistry,Curran K,2018
AHRC,AH/H032630/1,University of Strathclyde,Pure and Applied Chemistry,Curran K,2014
AHRC,AH/H032630/1,University of Strathclyde,Pure and Applied Chemistry,Curran K,2014
AHRC,AH/H032630/1,University of Strathclyde,Pure and Applied Chemistry,Curran K,2016
AHRC,AH/K005782/2,University of Liverpool,"Sch of Histories, Lanuages and Cultures",Veale L,2018
AHRC,AH/K005782/2,University of Liverpool,"Sch of Histories, Lanuages and Cultures",Bowen J,2019
AHRC,AH/K005782/2,University of Liverpool,"Sch of Histories, Lanuages and Cultures",Endfield G,2020
AHRC,AH/K005782/2,University of Liverpool,"Sch of Histories, Lanuages and Cultures",Veale L,2017
AHRC,AH/K005782/2,University of Liverpool,"Sch of Histories, Lanuages and Cultures",Veale L,2017
AHRC,AH/K005782/2,University of Liverpool,"Sch of Histories, Lanuages and Cultures",Bowen J,2019
AHRC,AH/K005782/2,University of Liverpool,"Sch of Histories, Lanuages and Cultures",Bowen J,2018
AHRC,AH/K005782/2,University of Liverpool,"Sch of Histories, Lanuages and Cultures",Endfield G,2021
AHRC,AH/V002317/2,University of Edinburgh,"Sch of History, Classics and Archaeology",Waagmeester B,2023
AHRC,AH/V002317/2,University of Edinburgh,"Sch of History, Classics and Archaeology",West C,2023
AHRC,AH/V002317/2,University of Edinburgh,"Sch of History, Classics and Archaeology",Patzold S,2023
AHRC,AH/V002317/2,University of Edinburgh,"Sch of History, Classics and Archaeology",Hicklin A,2023
AHRC,AH/V003283/1,University of the Arts London,Central Saint Martin's College,Powis A,2022
AHRC,AH/V003283/1,University of the Arts London,Central Saint Martin's College,Voelcker B,2024
AHRC,AH/V003283/1,University of the Arts London,Central Saint Martin's College,Summers B,2022
AHRC,AH/X003639/1,Queen's University of Belfast,"Sch of Arts, English and Languages",Mhaonaigh M,2023
AHRC,AH/X003639/1,Queen's University of Belfast,"Sch of Arts, English and Languages",Arbuthnot S,2023
BBSRC,BB/D015324/1,University of Glasgow,School of Life Sciences,Wang JR,2014
BBSRC,BB/D015324/1,University of Glasgow,School of Life Sciences,Timothy M. Palmer,2015
BBSRC,BB/D015324/1,University of Glasgow,School of Life Sciences,Barker G,2017
BBSRC,BB/D015324/1,University of Glasgow,School of Life Sciences,Yarwood SJ,2008
BBSRC,BB/D015324/1,University of Glasgow,School of Life Sciences,Parnell E,2012
BBSRC,BB/D015324/1,University of Glasgow,School of Life Sciences,Wegrzyn P,2009
BBSRC,BB/D015324/1,University of Glasgow,School of Life Sciences,Sands WA,2012
BBSRC,BB/D015324/1,University of Glasgow,School of Life Sciences,Parnell E,2015
BBSRC,BB/D015324/1,University of Glasgow,School of Life Sciences,Borland G,2009
BBSRC,BB/D015324/1,University of Glasgow,School of Life Sciences,Watterson KR,2017
BBSRC,BB/D015324/1,University of Glasgow,School of Life Sciences,Woolson HD,2009
BBSRC,BB/D015324/1,University of Glasgow,School of Life Sciences,Parnell E,2015
BBSRC,BB/D015324/1,University of Glasgow,School of Life Sciences,Wiejak J,2013
BBSRC,BB/D015324/1,University of Glasgow,School of Life Sciences,Chen S,2017
BBSRC,BB/D015324/1,University of Glasgow,School of Life Sciences,Parnell E,2015
BBSRC,BB/D015324/1,University of Glasgow,School of Life Sciences,Borland G,2009
BBSRC,BB/D015324/1,University of Glasgow,School of Life Sciences,Chen S,2015
BBSRC,BB/D015324/1,University of Glasgow,School of Life Sciences,Breit A,2015
BBSRC,BB/D015324/1,University of Glasgow,School of Life Sciences,Dalby MJ,2008
BBSRC,BB/D015324/1,University of Glasgow,School of Life Sciences,Estévez M,2015
BBSRC,BB/D015324/1,University of Glasgow,School of Life Sciences,Dalby MJ,2007
BBSRC,BB/D015324/1,University of Glasgow,School of Life Sciences,Milne GR,2012
BBSRC,BB/D015324/1,University of Glasgow,School of Life Sciences,Wiejak J,2012
BBSRC,BB/D015324/1,University of Glasgow,School of Life Sciences,Wiejak J,2019
BBSRC,BB/D015324/1,University of Glasgow,School of Life Sciences,Wiejak J,2012
BBSRC,BB/D015324/1,University of Glasgow,School of Life Sciences,Wiejak J,2014
BBSRC,BB/D015324/1,University of Glasgow,School of Life Sciences,Parnell E,2014
BBSRC,BB/D015324/1,University of Glasgow,School of Life Sciences,Yarwood S,2014
BBSRC,BB/D015324/1,University of Glasgow,School of Life Sciences,Bird RJ,2010
BBSRC,BB/D015324/1,University of Glasgow,School of Life Sciences,Parnell E,2017
BBSRC,BB/D015324/1,University of Glasgow,School of Life Sciences,Lee LC,2017
BBSRC,BB/D015324/1,University of Glasgow,School of Life Sciences,Wiejak J,2013
BBSRC,BB/E023347/1,UNIVERSITY OF OXFORD,Biochemistry,Rollauer SE,2012
BBSRC,BB/F013337/1,The University of Manchester,Life Sciences,Talavera D,2013
BBSRC,BB/F013337/1,The University of Manchester,Life Sciences,Talavera D,2012
BBSRC,BB/F013337/1,The University of Manchester,Life Sciences,Lovell SC,2010
BBSRC,BB/F013337/1,The University of Manchester,Life Sciences,Talavera D,2011
BBSRC,BB/F013337/1,The University of Manchester,Life Sciences,Robertson DL,2009
BBSRC,BB/F013337/1,The University of Manchester,Life Sciences,Talavera D,2013
BBSRC,BB/F013337/1,The University of Manchester,Life Sciences,Talavera D,2013
BBSRC,BB/I017259/1,THE PIRBRIGHT INSTITUTE,Vector Borne Diseases,Maan S,2016
BBSRC,BB/I017259/1,THE PIRBRIGHT INSTITUTE,Vector Borne Diseases,Maan NS,2017
BBSRC,BB/I017259/1,THE PIRBRIGHT INSTITUTE,Vector Borne Diseases,Forzan M,2016
BBSRC,BB/I017259/1,THE PIRBRIGHT INSTITUTE,Vector Borne Diseases,Caporale M,2014
BBSRC,BB/I017259/1,THE PIRBRIGHT INSTITUTE,Vector Borne Diseases,Jacquot M,2019
BBSRC,BB/I017259/1,THE PIRBRIGHT INSTITUTE,Vector Borne Diseases,Shaw A,2013
BBSRC,BB/I017259/1,THE PIRBRIGHT INSTITUTE,Vector Borne Diseases,Pullinger GD,2016
BBSRC,BB/I017259/1,THE PIRBRIGHT INSTITUTE,Vector Borne Diseases,Boyce M,2015
BBSRC,BB/I017259/1,THE PIRBRIGHT INSTITUTE,Vector Borne Diseases,Conte A.,2016
BBSRC,BB/I017259/1,THE PIRBRIGHT INSTITUTE,Vector Borne Diseases,Rao P,2017
BBSRC,BB/I017259/1,THE PIRBRIGHT INSTITUTE,Vector Borne Diseases,Darpel KE,2016
BBSRC,BB/I017259/1,THE PIRBRIGHT INSTITUTE,Vector Borne Diseases,Drolet BS,2015
BBSRC,BB/I017259/1,THE PIRBRIGHT INSTITUTE,Vector Borne Diseases,Belaganahalli MN,2014
BBSRC,BB/I017259/1,THE PIRBRIGHT INSTITUTE,Vector Borne Diseases,Krishnajyothi Y,2016
BBSRC,BB/I017259/1,THE PIRBRIGHT INSTITUTE,Vector Borne Diseases,Arenas-Montes AJ,2013
BBSRC,BB/I017259/1,THE PIRBRIGHT INSTITUTE,Vector Borne Diseases,Maan NS,2015
BBSRC,BB/I017259/1,THE PIRBRIGHT INSTITUTE,Vector Borne Diseases,Li X,2013
BBSRC,BB/I017259/1,THE PIRBRIGHT INSTITUTE,Vector Borne Diseases,Jacquot M,2017
BBSRC,BB/I017259/1,THE PIRBRIGHT INSTITUTE,Vector Borne Diseases,Veronesi E,2020
BBSRC,BB/I017259/1,THE PIRBRIGHT INSTITUTE,Vector Borne Diseases,Maan S,2015
BBSRC,BB/I017259/1,THE PIRBRIGHT INSTITUTE,Vector Borne Diseases,Bachanek-Bankowska K,2014
BBSRC,BB/I017259/1,THE PIRBRIGHT INSTITUTE,Vector Borne Diseases,Maan S,2016
BBSRC,BB/I017259/1,THE PIRBRIGHT INSTITUTE,Vector Borne Diseases,Veronesi E,2013
BBSRC,BB/I017259/1,THE PIRBRIGHT INSTITUTE,Vector Borne Diseases,Hemadri D,2017
BBSRC,BB/I017259/1,THE PIRBRIGHT INSTITUTE,Vector Borne Diseases,Nomikou K,2015
BBSRC,BB/I017259/1,THE PIRBRIGHT INSTITUTE,Vector Borne Diseases,Shaw A,2012
BBSRC,BB/I017259/1,THE PIRBRIGHT INSTITUTE,Vector Borne Diseases,Reddy YV,2018
BBSRC,BB/I017259/1,THE PIRBRIGHT INSTITUTE,Vector Borne Diseases,Belaganahalli MN,2015
BBSRC,BB/I017259/1,THE PIRBRIGHT INSTITUTE,Vector Borne Diseases,Calvo-Pinilla E,2015
BBSRC,BB/I017259/1,THE PIRBRIGHT INSTITUTE,Vector Borne Diseases,Matos AC,2016
BBSRC,BB/I017259/1,THE PIRBRIGHT INSTITUTE,Vector Borne Diseases,Maan S,2015
BBSRC,BB/I017259/1,THE PIRBRIGHT INSTITUTE,Vector Borne Diseases,Pascall D,2019
BBSRC,BB/I017259/1,THE PIRBRIGHT INSTITUTE,Vector Borne Diseases,Maan S,2018
BBSRC,BB/I017259/1,THE PIRBRIGHT INSTITUTE,Vector Borne Diseases,Breard E,2015
BBSRC,BB/I017259/1,THE PIRBRIGHT INSTITUTE,Vector Borne Diseases,Belaganahalli MN,2013
BBSRC,BB/I017259/1,THE PIRBRIGHT INSTITUTE,Vector Borne Diseases,Fairbanks EL,2022
BBSRC,BB/I017259/1,THE PIRBRIGHT INSTITUTE,Vector Borne Diseases,Pascall DJ,2020
BBSRC,BB/I017259/1,THE PIRBRIGHT INSTITUTE,Vector Borne Diseases,Mohd Jaafar F,2014
BBSRC,BB/I017259/1,THE PIRBRIGHT INSTITUTE,Vector Borne Diseases,Maan S,2012
BBSRC,BB/I017259/1,THE PIRBRIGHT INSTITUTE,Vector Borne Diseases,Calvo-Pinilla E,2014
BBSRC,BB/I019022/1,John Innes Centre,Cell and Develop Biology,Kumar SV,2017
BBSRC,BB/I019022/1,John Innes Centre,Cell and Develop Biology,Gangappa S,2017
BBSRC,BB/I019022/1,John Innes Centre,Cell and Develop Biology,Gangappa SN,2018
BBSRC,BB/I019022/1,John Innes Centre,Cell and Develop Biology,Yu N,2016
BBSRC,BB/I019022/1,John Innes Centre,Cell and Develop Biology,Gardener C,2015
BBSRC,BB/I019022/1,John Innes Centre,Cell and Develop Biology,Gangappa SN,2017
BBSRC,BB/I019022/1,John Innes Centre,Cell and Develop Biology,Berriri S,2016
BBSRC,BB/I019022/1,John Innes Centre,Cell and Develop Biology,Kumar SV,2018
BBSRC,BB/I019022/1,John Innes Centre,Cell and Develop Biology,Kumar SV,2012
BBSRC,BB/I019022/1,John Innes Centre,Cell and Develop Biology,Gaillochet C,2020
BBSRC,BB/L025515/1,Rothamsted Research,Plant Sciences,Connorton J,2017
BBSRC,BB/L025515/1,Rothamsted Research,Plant Sciences,Rodriguez-Ramiro I,2016
BBSRC,BB/L025515/1,Rothamsted Research,Plant Sciences,Robinson GHJ,2019
BBSRC,BB/L025515/1,Rothamsted Research,Plant Sciences,Dell'Aquila C,2021
BBSRC,BB/L025515/1,Rothamsted Research,Plant Sciences,Moore K,2018
BBSRC,BB/L025515/1,Rothamsted Research,Plant Sciences,Rodriguez-Ramiro I,2017
BBSRC,BB/L025515/1,Rothamsted Research,Plant Sciences,Rodriguez-Ramiro I,2019
BBSRC,BB/L025515/1,Rothamsted Research,Plant Sciences,Dell'Aquila C,2020
BBSRC,BB/L025515/1,Rothamsted Research,Plant Sciences,Connorton JM,2017
BBSRC,BB/L025515/1,Rothamsted Research,Plant Sciences,Perfecto A,2018
BBSRC,BB/L025515/1,Rothamsted Research,Plant Sciences,Perfecto A,2018
BBSRC,BB/L025515/1,Rothamsted Research,Plant Sciences,Connorton JM,2017
BBSRC,BB/L025515/1,Rothamsted Research,Plant Sciences,Rodriguez-Ramiro I,2017
BBSRC,BB/L025515/1,Rothamsted Research,Plant Sciences,Moore K,2018
BBSRC,BB/M004864/1,John Innes Centre,Metabolic Biology,Patron NJ,2015
BBSRC,BB/M004864/1,John Innes Centre,Metabolic Biology,Liu J,2024
BBSRC,BB/M004864/1,John Innes Centre,Metabolic Biology,Vazquez-Vilar M,2023
BBSRC,BB/M004864/1,John Innes Centre,Metabolic Biology,Fu R,2018
BBSRC,BB/M004864/1,John Innes Centre,Metabolic Biology,Butelli E,2021
BBSRC,BB/M004864/1,John Innes Centre,Metabolic Biology,Zhang Y,2014
BBSRC,BB/M004864/1,John Innes Centre,Metabolic Biology,Tohge T,2015
BBSRC,BB/M004864/1,John Innes Centre,Metabolic Biology,Tomlinson ML,2017
BBSRC,BB/M004864/1,John Innes Centre,Metabolic Biology,Kallam K,2017
BBSRC,BB/M004864/1,John Innes Centre,Metabolic Biology,Appelhagen I,2018
BBSRC,BB/M004864/1,John Innes Centre,Metabolic Biology,Scarano A,2017
BBSRC,BB/M004864/1,John Innes Centre,Metabolic Biology,Martin C,2023
BBSRC,BB/M004864/1,John Innes Centre,Metabolic Biology,Butelli E,2019
BBSRC,BB/M004864/1,John Innes Centre,Metabolic Biology,Martin C,2024
BBSRC,BB/M004864/1,John Innes Centre,Metabolic Biology,D'Amelia V,2018
BBSRC,BB/M004864/1,John Innes Centre,Metabolic Biology,Houghton A,2021
BBSRC,BB/M00550X/1,Imperial College London,Life Sciences,Storch M,2019
BBSRC,BB/M00550X/1,Imperial College London,Life Sciences,Casini A,2014
BBSRC,BB/M00550X/1,Imperial College London,Life Sciences,Storch M,2017
BBSRC,BB/M00550X/1,Imperial College London,Life Sciences,Storch M,2015
BBSRC,BB/M00550X/1,Imperial College London,Life Sciences,Casini A,2015
BBSRC,BB/M00550X/1,Imperial College London,Life Sciences,Bartasun P,2019
BBSRC,BB/M02556X/1,St George's University of London,Molecular & Clinical Sci Research Inst,Tran O,2023
BBSRC,BB/M02556X/1,St George's University of London,Molecular & Clinical Sci Research Inst,Helassa N,2018
BBSRC,BB/M02556X/1,St George's University of London,Molecular & Clinical Sci Research Inst,Coates C,2019
BBSRC,BB/M02556X/1,St George's University of London,Molecular & Clinical Sci Research Inst,Helassa N,2016
BBSRC,BB/M02556X/1,St George's University of London,Molecular & Clinical Sci Research Inst,Dvorzhak A,2018
BBSRC,BB/M02556X/1,St George's University of London,Molecular & Clinical Sci Research Inst,Kerruth S,2017
BBSRC,BB/M02556X/1,St George's University of London,Molecular & Clinical Sci Research Inst,Dürst CD,2019
BBSRC,BB/M02556X/1,St George's University of London,Molecular & Clinical Sci Research Inst,Coates C,2020
BBSRC,BB/M02556X/1,St George's University of London,Molecular & Clinical Sci Research Inst,Kerruth S,2019
BBSRC,BB/M02556X/1,St George's University of London,Molecular & Clinical Sci Research Inst,Helassa N,2017
BBSRC,BB/M02556X/1,St George's University of London,Molecular & Clinical Sci Research Inst,Helassa N,2018
BBSRC,BB/M02556X/1,St George's University of London,Molecular & Clinical Sci Research Inst,Helassa N,2018
BBSRC,BB/M02556X/1,St George's University of London,Molecular & Clinical Sci Research Inst,Tran O,2023
BBSRC,BB/M02556X/1,St George's University of London,Molecular & Clinical Sci Research Inst,Yaganoglu S,2023
BBSRC,BB/M02556X/1,St George's University of London,Molecular & Clinical Sci Research Inst,Yaganoglu S,2019
BBSRC,BB/M02556X/1,St George's University of London,Molecular & Clinical Sci Research Inst,Helassa N,2017
BBSRC,BB/M02556X/1,St George's University of London,Molecular & Clinical Sci Research Inst,Dvorzhak A,2019
BBSRC,BB/M02556X/1,St George's University of London,Molecular & Clinical Sci Research Inst,"Yaganoglu, Sine",2023
BBSRC,BB/R008914/1,University of Liverpool,Institute of Infection and Global Health,Armstrong EA,2022
BBSRC,BB/R008914/1,University of Liverpool,Institute of Infection and Global Health,Pottenger S,2023
BBSRC,BB/R008914/1,University of Liverpool,Institute of Infection and Global Health,Armstrong EA,2022
BBSRC,BB/R008914/1,University of Liverpool,Institute of Infection and Global Health,Richards-Rios P,2020
BBSRC,BB/T010622/1,University of Warwick,Chemistry,Rashid G,2023
BBSRC,BB/T010622/1,University of Warwick,Chemistry,Alruwaili A,2023
BBSRC,BB/T010622/1,University of Warwick,Chemistry,Rashid GMM,2024
BBSRC,BB/T010622/1,University of Warwick,Chemistry,Alruwaili A,2023
BBSRC,BB/T010622/1,University of Warwick,Chemistry,Spence EM,2021
BBSRC,BB/T010622/1,University of Warwick,Chemistry,Bugg T,2021
BBSRC,BB/T010622/1,University of Warwick,Chemistry,Yasin R,2023
BBSRC,BB/T010622/1,University of Warwick,Chemistry,Spence E,2021
BBSRC,BB/T010622/1,University of Warwick,Chemistry,Bugg T,2024
BBSRC,BB/W004305/1,University of Sheffield,School of Biosciences,Sánchez-Posada J,2025
BBSRC,BB/W004305/1,University of Sheffield,School of Biosciences,Sánchez-Posada J,2024
BBSRC,BB/W007711/1,THE JAMES HUTTON INSTITUTE,BIOSS,Wood A,2024
BBSRC,BBS/E/B/0000H322,Babraham Institute,UNLISTED,Salerno F,2018
BBSRC,BBS/E/B/0000H322,Babraham Institute,UNLISTED,Galloway A,2017
BBSRC,BBS/E/B/0000H322,Babraham Institute,UNLISTED,Newman R,2017
BBSRC,BBS/E/B/0000H322,Babraham Institute,UNLISTED,Bye-A-Jee H,2018
BBSRC,BBS/E/B/0000H322,Babraham Institute,UNLISTED,Galloway A,2016
BBSRC,BBS/E/B/0000H322,Babraham Institute,UNLISTED,Vogel KU,2016
EPSRC,EP/C548809/1,University of Birmingham,Sch of Biosciences,Macaskie L,2009
EPSRC,EP/C548809/1,University of Birmingham,Sch of Biosciences,Paterson-Beedle M,2009
EPSRC,EP/C548809/1,University of Birmingham,Sch of Biosciences,Paterson-Beedle M,2010
EPSRC,EP/C548809/1,University of Birmingham,Sch of Biosciences,Gangappa R,2015
EPSRC,EP/C548809/1,University of Birmingham,Sch of Biosciences,Paterson-Beedle M,2012
EPSRC,EP/C548809/1,University of Birmingham,Sch of Biosciences,Gangappa R,2017
EPSRC,EP/C548809/1,University of Birmingham,Sch of Biosciences,von der Schulenburg D,2007
EPSRC,EP/C548809/1,University of Birmingham,Sch of Biosciences,Macaskie L,2010
EPSRC,EP/C548809/1,University of Birmingham,Sch of Biosciences,Graf von der Schulenburg D,2008
EPSRC,EP/C548809/1,University of Birmingham,Sch of Biosciences,Paterson-Beedle M,2006
EPSRC,EP/C548809/1,University of Birmingham,Sch of Biosciences,Readman JE,2014
EPSRC,EP/C548809/1,University of Birmingham,Sch of Biosciences,Handley-Sidhu S,2014
EPSRC,EP/D053129/1,UNIVERSITY COLLEGE LONDON,Adastral Park Campus,Wong K,2007
EPSRC,EP/D053129/1,UNIVERSITY COLLEGE LONDON,Adastral Park Campus,Jia Chen,2009
EPSRC,EP/D053129/1,UNIVERSITY COLLEGE LONDON,Adastral Park Campus,Wong K,2007
EPSRC,EP/D053129/1,UNIVERSITY COLLEGE LONDON,Adastral Park Campus,Chen J,2009
EPSRC,EP/D053129/1,UNIVERSITY COLLEGE LONDON,Adastral Park Campus,Wong K,2006
EPSRC,EP/D053129/1,UNIVERSITY COLLEGE LONDON,Adastral Park Campus,Kai-Kit Wong,2008
EPSRC,EP/D062918/1,Lancaster University,Physics,Robinson JP,2008
EPSRC,EP/D062918/1,Lancaster University,Physics,Abergel D,2008
EPSRC,EP/D062918/1,Lancaster University,Physics,Mucha-Kruczynski M,2007
EPSRC,EP/D062918/1,Lancaster University,Physics,Mucha-Kruczynski M,2008
EPSRC,EP/D062918/1,Lancaster University,Physics,Mucha-Kruczynski M,2010
EPSRC,EP/D062918/1,Lancaster University,Physics,McCann E,2012
EPSRC,EP/D062918/1,Lancaster University,Physics,Kechedzhi K,2008
EPSRC,EP/D062918/1,Lancaster University,Physics,Tartakovskii AI,2007
EPSRC,EP/D062918/1,Lancaster University,Physics,Cheianov V,2007
EPSRC,EP/D062918/1,Lancaster University,Physics,Fal'ko V,2007
EPSRC,EP/D062918/1,Lancaster University,Physics,Tsyplyatyev O,2007
EPSRC,EP/D062918/1,Lancaster University,Physics,Kashuba O,2007
EPSRC,EP/D062918/1,Lancaster University,Physics,Cheianov V,2012
EPSRC,EP/D062918/1,Lancaster University,Physics,Tsyplyatyev O,2006
EPSRC,EP/D062918/1,Lancaster University,Physics,Makhonin M,2008
EPSRC,EP/F008929/1,University of Edinburgh,Sch of Engineering,Oswald ID,2008
EPSRC,EP/F008929/1,University of Edinburgh,Sch of Engineering,Hamilton A,2010
EPSRC,EP/F008929/1,University of Edinburgh,Sch of Engineering,Hamilton A,2008
EPSRC,EP/F010052/1,Queen's University of Belfast,Computer Science,Scott N,2009
EPSRC,EP/F010052/1,Queen's University of Belfast,Computer Science,Burke V,2009
EPSRC,EP/F010052/1,Queen's University of Belfast,Computer Science,Scott N,2012
EPSRC,EP/F037058/1,Heriot-Watt University,S of Mathematical and Computer Sciences,Ireland A,2010
EPSRC,EP/F037058/1,Heriot-Watt University,S of Mathematical and Computer Sciences,Ireland A,2013
EPSRC,EP/F037058/1,Heriot-Watt University,S of Mathematical and Computer Sciences,Pease A,2010
EPSRC,EP/F037058/1,Heriot-Watt University,S of Mathematical and Computer Sciences,Grov G,2012
EPSRC,EP/J000795/1,The University of Manchester,Chem Eng and Analytical Science,Hull G,2021
EPSRC,EP/J000795/1,The University of Manchester,Chem Eng and Analytical Science,Abdulaziz R,2016
EPSRC,EP/J000795/1,The University of Manchester,Chem Eng and Analytical Science,Osarinmwian C,2015
EPSRC,EP/J000795/1,The University of Manchester,Chem Eng and Analytical Science,Lambert H,2018
EPSRC,EP/J000795/1,The University of Manchester,Chem Eng and Analytical Science,Lambert H,2016
EPSRC,EP/J00443X/1,Heriot-Watt University,Sch of Engineering and Physical Science,Westerberg N,2014
EPSRC,EP/J00443X/1,Heriot-Watt University,Sch of Engineering and Physical Science,Clerici M,2013
EPSRC,EP/J00443X/1,Heriot-Watt University,Sch of Engineering and Physical Science,Marino F,2016
EPSRC,EP/J00443X/1,Heriot-Watt University,Sch of Engineering and Physical Science,Petev M,2014
EPSRC,EP/J00443X/1,Heriot-Watt University,Sch of Engineering and Physical Science,Roger T,2013
EPSRC,EP/J00443X/1,Heriot-Watt University,Sch of Engineering and Physical Science,Roger T,2013
EPSRC,EP/J00443X/1,Heriot-Watt University,Sch of Engineering and Physical Science,Roger T,2016
EPSRC,EP/J00443X/1,Heriot-Watt University,Sch of Engineering and Physical Science,Xu G,2016
EPSRC,EP/J00443X/1,Heriot-Watt University,Sch of Engineering and Physical Science,Gariepy G,2015
EPSRC,EP/J00443X/1,Heriot-Watt University,Sch of Engineering and Physical Science,Roger T,2013
EPSRC,EP/J00443X/1,Heriot-Watt University,Sch of Engineering and Physical Science,Rao S,2014
EPSRC,EP/J00443X/1,Heriot-Watt University,Sch of Engineering and Physical Science,Lourés CR,2015
EPSRC,EP/J00443X/1,Heriot-Watt University,Sch of Engineering and Physical Science,Clerici M,2019
EPSRC,EP/J00443X/1,Heriot-Watt University,Sch of Engineering and Physical Science,Vocke D,2016
EPSRC,EP/J00443X/1,Heriot-Watt University,Sch of Engineering and Physical Science,Roger T,2016
EPSRC,EP/J00443X/1,Heriot-Watt University,Sch of Engineering and Physical Science,Roger T,2015
EPSRC,EP/J00443X/1,Heriot-Watt University,Sch of Engineering and Physical Science,Vocke D,2015
EPSRC,EP/J00443X/1,Heriot-Watt University,Sch of Engineering and Physical Science,Altuzarra C,2017
EPSRC,EP/J00443X/1,Heriot-Watt University,Sch of Engineering and Physical Science,Xu G,2015
EPSRC,EP/J00443X/1,Heriot-Watt University,Sch of Engineering and Physical Science,Doukas J,2014
EPSRC,EP/J00443X/1,Heriot-Watt University,Sch of Engineering and Physical Science,Petev M,2017
EPSRC,EP/J00443X/1,Heriot-Watt University,Sch of Engineering and Physical Science,Faccio D,2012
EPSRC,EP/J00443X/1,Heriot-Watt University,Sch of Engineering and Physical Science,Conforti M,2013
EPSRC,EP/J00443X/1,Heriot-Watt University,Sch of Engineering and Physical Science,Rubino E,2012
EPSRC,EP/J00443X/1,Heriot-Watt University,Sch of Engineering and Physical Science,Lowney J,2014
EPSRC,EP/J00443X/1,Heriot-Watt University,Sch of Engineering and Physical Science,Rubino E,2012
EPSRC,EP/J00443X/1,Heriot-Watt University,Sch of Engineering and Physical Science,Kaipurath R,2016
EPSRC,EP/J00443X/1,Heriot-Watt University,Sch of Engineering and Physical Science,Rubino E,2012
EPSRC,EP/J00443X/1,Heriot-Watt University,Sch of Engineering and Physical Science,Vocke D,2015
EPSRC,EP/J00443X/1,Heriot-Watt University,Sch of Engineering and Physical Science,Rao SM,2015
EPSRC,EP/J00443X/1,Heriot-Watt University,Sch of Engineering and Physical Science,Rao SM,2014
EPSRC,EP/J00443X/1,Heriot-Watt University,Sch of Engineering and Physical Science,Majus D,2014
EPSRC,EP/J00443X/1,Heriot-Watt University,Sch of Engineering and Physical Science,Vocke D,2015
EPSRC,EP/J00443X/1,Heriot-Watt University,Sch of Engineering and Physical Science,Roger T,2016
EPSRC,EP/J00443X/1,Heriot-Watt University,Sch of Engineering and Physical Science,Faccio D,2012
EPSRC,EP/J00443X/1,Heriot-Watt University,Sch of Engineering and Physical Science,Roger T,2014
EPSRC,EP/J00443X/1,Heriot-Watt University,Sch of Engineering and Physical Science,Lourés C,2017
EPSRC,EP/J00443X/1,Heriot-Watt University,Sch of Engineering and Physical Science,Li C,2014
EPSRC,EP/J00443X/1,Heriot-Watt University,Sch of Engineering and Physical Science,Westerberg N,2016
EPSRC,EP/J00443X/1,Heriot-Watt University,Sch of Engineering and Physical Science,Roger T,2016
EPSRC,EP/J00443X/1,Heriot-Watt University,Sch of Engineering and Physical Science,Clerici M,2013
EPSRC,EP/J00443X/1,Heriot-Watt University,Sch of Engineering and Physical Science,Roger T,2014
EPSRC,EP/J00443X/1,Heriot-Watt University,Sch of Engineering and Physical Science,Marino F,2015
EPSRC,EP/J00443X/1,Heriot-Watt University,Sch of Engineering and Physical Science,Faccio D,2012
EPSRC,EP/J00443X/1,Heriot-Watt University,Sch of Engineering and Physical Science,Roger T,2016
EPSRC,EP/J00443X/1,Heriot-Watt University,Sch of Engineering and Physical Science,Giovannini D,2015
EPSRC,EP/J00443X/1,Heriot-Watt University,Sch of Engineering and Physical Science,Rao S,2015
EPSRC,EP/J00443X/1,Heriot-Watt University,Sch of Engineering and Physical Science,Clerici M,2013
EPSRC,EP/J00443X/1,Heriot-Watt University,Sch of Engineering and Physical Science,Conforti M,2013
EPSRC,EP/J00443X/1,Heriot-Watt University,Sch of Engineering and Physical Science,Roger T,2016
EPSRC,EP/J00443X/1,Heriot-Watt University,Sch of Engineering and Physical Science,Altuzarra C,2019
EPSRC,EP/J00443X/1,Heriot-Watt University,Sch of Engineering and Physical Science,Bruschi D,2013
EPSRC,EP/J00443X/1,Heriot-Watt University,Sch of Engineering and Physical Science,Bruschi D,2012
EPSRC,EP/J00443X/1,Heriot-Watt University,Sch of Engineering and Physical Science,Petev M,2013
EPSRC,EP/J00443X/1,Heriot-Watt University,Sch of Engineering and Physical Science,Roger T,2013
EPSRC,EP/J00443X/1,Heriot-Watt University,Sch of Engineering and Physical Science,Westerberg N,2016
EPSRC,EP/J00443X/1,Heriot-Watt University,Sch of Engineering and Physical Science,Kaipurath R,2016
EPSRC,EP/J00443X/1,Heriot-Watt University,Sch of Engineering and Physical Science,Conforti M,2013
EPSRC,EP/K024493/1,Imperial College London,Materials,Wang Y,2023
EPSRC,EP/K024493/1,Imperial College London,Materials,Rhode S,2016
EPSRC,EP/K024493/1,Imperial College London,Materials,Wu X,2015
EPSRC,EP/K024493/1,Imperial College London,Materials,Niedermeier C,2016
EPSRC,EP/K028510/1,UNIVERSITY OF CAMBRIDGE,Physics,Ding T,2015
EPSRC,EP/K028510/1,UNIVERSITY OF CAMBRIDGE,Physics,Taylor RW,2013
EPSRC,EP/K028510/1,UNIVERSITY OF CAMBRIDGE,Physics,Ye S,2015
EPSRC,EP/K028510/1,UNIVERSITY OF CAMBRIDGE,Physics,Dehmel R,2017
EPSRC,EP/K028510/1,UNIVERSITY OF CAMBRIDGE,Physics,Schmidt M,2017
EPSRC,EP/K028510/1,UNIVERSITY OF CAMBRIDGE,Physics,Schäfer C,2015
EPSRC,EP/K028510/1,UNIVERSITY OF CAMBRIDGE,Physics,Appel EA,2017
EPSRC,EP/K028510/1,UNIVERSITY OF CAMBRIDGE,Physics,Mertens J,2013
EPSRC,EP/K028510/1,UNIVERSITY OF CAMBRIDGE,Physics,Sigle DO,2015
EPSRC,EP/K028510/1,UNIVERSITY OF CAMBRIDGE,Physics,Barnett SM,2014
EPSRC,EP/K028510/1,UNIVERSITY OF CAMBRIDGE,Physics,Deacon WM,2017
EPSRC,EP/K028510/1,UNIVERSITY OF CAMBRIDGE,Physics,Niu W,2015
EPSRC,EP/K028510/1,UNIVERSITY OF CAMBRIDGE,Physics,Steuwe C,2015
EPSRC,EP/K028510/1,UNIVERSITY OF CAMBRIDGE,Physics,Benz F,2016
EPSRC,EP/K028510/1,UNIVERSITY OF CAMBRIDGE,Physics,Ibbotson LA,2015
EPSRC,EP/K028510/1,UNIVERSITY OF CAMBRIDGE,Physics,Ding T,2015
EPSRC,EP/K028510/1,UNIVERSITY OF CAMBRIDGE,Physics,de Nijs B,2017
EPSRC,EP/K028510/1,UNIVERSITY OF CAMBRIDGE,Physics,de Nijs B,2017
EPSRC,EP/K028510/1,UNIVERSITY OF CAMBRIDGE,Physics,Sanders A,2016
EPSRC,EP/K028510/1,UNIVERSITY OF CAMBRIDGE,Physics,Ding T,2015
EPSRC,EP/K028510/1,UNIVERSITY OF CAMBRIDGE,Physics,Salvatore S,2015
EPSRC,EP/K028510/1,UNIVERSITY OF CAMBRIDGE,Physics,Dolan J,2014
EPSRC,EP/K028510/1,UNIVERSITY OF CAMBRIDGE,Physics,Benz F,2015
EPSRC,EP/K028510/1,UNIVERSITY OF CAMBRIDGE,Physics,Hugall JT,2015
EPSRC,EP/K028510/1,UNIVERSITY OF CAMBRIDGE,Physics,Ding T,2014
EPSRC,EP/K028510/1,UNIVERSITY OF CAMBRIDGE,Physics,Sanders A,2015
EPSRC,EP/K028510/1,UNIVERSITY OF CAMBRIDGE,Physics,Schmidt MK,2017
EPSRC,EP/K028510/1,UNIVERSITY OF CAMBRIDGE,Physics,Hu C,2016
EPSRC,EP/K028510/1,UNIVERSITY OF CAMBRIDGE,Physics,Mertens J,2017
EPSRC,EP/K028510/1,UNIVERSITY OF CAMBRIDGE,Physics,De Nijs B,2017
EPSRC,EP/K028510/1,UNIVERSITY OF CAMBRIDGE,Physics,Aitchison H,2017
EPSRC,EP/K028510/1,UNIVERSITY OF CAMBRIDGE,Physics,Graham D,2017
EPSRC,EP/K028510/1,UNIVERSITY OF CAMBRIDGE,Physics,Mertens J,2015
EPSRC,EP/K028510/1,UNIVERSITY OF CAMBRIDGE,Physics,Aizpurua J,2017
EPSRC,EP/K028510/1,UNIVERSITY OF CAMBRIDGE,Physics,Carnegie C,2017
EPSRC,EP/K028510/1,UNIVERSITY OF CAMBRIDGE,Physics,Hu C,2018
EPSRC,EP/K028510/1,UNIVERSITY OF CAMBRIDGE,Physics,Stefik M,2015
EPSRC,EP/K028510/1,UNIVERSITY OF CAMBRIDGE,Physics,Chikkaraddy R,2017
EPSRC,EP/K028510/1,UNIVERSITY OF CAMBRIDGE,Physics,Martino GD,2015
EPSRC,EP/K028510/1,UNIVERSITY OF CAMBRIDGE,Physics,Tserkezis C,2014
EPSRC,EP/K028510/1,UNIVERSITY OF CAMBRIDGE,Physics,Kleemann M,2017
EPSRC,EP/K028510/1,UNIVERSITY OF CAMBRIDGE,Physics,Tserkezis C,2014
EPSRC,EP/K028510/1,UNIVERSITY OF CAMBRIDGE,Physics,Lombardi A,2018
EPSRC,EP/K028510/1,UNIVERSITY OF CAMBRIDGE,Physics,Benz F,2015
EPSRC,EP/K028510/1,UNIVERSITY OF CAMBRIDGE,Physics,Thacker VV,2014
EPSRC,EP/K028510/1,UNIVERSITY OF CAMBRIDGE,Physics,Hüsken N,2013
EPSRC,EP/K028510/1,UNIVERSITY OF CAMBRIDGE,Physics,Sigle D,2015
EPSRC,EP/K028510/1,UNIVERSITY OF CAMBRIDGE,Physics,Dehmel R,2015
EPSRC,EP/K028510/1,UNIVERSITY OF CAMBRIDGE,Physics,Tserkezis C,2015
EPSRC,EP/K028510/1,UNIVERSITY OF CAMBRIDGE,Physics,Shahab Ahmad,2015
EPSRC,EP/K028510/1,UNIVERSITY OF CAMBRIDGE,Physics,Ding T,2017
EPSRC,EP/K028510/1,UNIVERSITY OF CAMBRIDGE,Physics,Michaelis B,2013
EPSRC,EP/K028510/1,UNIVERSITY OF CAMBRIDGE,Physics,Jones ST,2014
EPSRC,EP/K028510/1,UNIVERSITY OF CAMBRIDGE,Physics,Tsargorodska A,2016
EPSRC,EP/K028510/1,UNIVERSITY OF CAMBRIDGE,Physics,Hu C,2015
EPSRC,EP/K028510/1,UNIVERSITY OF CAMBRIDGE,Physics,De Nijs B,2017
EPSRC,EP/K028510/1,UNIVERSITY OF CAMBRIDGE,Physics,Ding T,2017
EPSRC,EP/K028510/1,UNIVERSITY OF CAMBRIDGE,Physics,Ding T,2017
EPSRC,EP/K028510/1,UNIVERSITY OF CAMBRIDGE,Physics,Kleemann ME,2017
EPSRC,EP/K028510/1,UNIVERSITY OF CAMBRIDGE,Physics,Benz F,2015
EPSRC,EP/K028510/1,UNIVERSITY OF CAMBRIDGE,Physics,Tabet A,2019
EPSRC,EP/K028510/1,UNIVERSITY OF CAMBRIDGE,Physics,Shahab Ahmad,2015
EPSRC,EP/K028510/1,UNIVERSITY OF CAMBRIDGE,Physics,Ding T,2017
EPSRC,EP/K028510/1,UNIVERSITY OF CAMBRIDGE,Physics,Wang Y,2015
EPSRC,EP/K028510/1,UNIVERSITY OF CAMBRIDGE,Physics,Ahmad S,2015
EPSRC,EP/K028510/1,UNIVERSITY OF CAMBRIDGE,Physics,Salmon AR,2016
EPSRC,EP/K028510/1,UNIVERSITY OF CAMBRIDGE,Physics,Herrmann LO,2014
EPSRC,EP/K028510/1,UNIVERSITY OF CAMBRIDGE,Physics,Deacon W,2017
EPSRC,EP/K028510/1,UNIVERSITY OF CAMBRIDGE,Physics,Tsargorodska A,2016
EPSRC,EP/K028510/1,UNIVERSITY OF CAMBRIDGE,Physics,Sigle DO,2016
EPSRC,EP/K028510/1,UNIVERSITY OF CAMBRIDGE,Physics,Ohadi H,2015
EPSRC,EP/K028510/1,UNIVERSITY OF CAMBRIDGE,Physics,Ding T,2015
EPSRC,EP/K028510/1,UNIVERSITY OF CAMBRIDGE,Physics,Herrmann L,2013
EPSRC,EP/K028510/1,UNIVERSITY OF CAMBRIDGE,Physics,Chikkaraddy R,2018
EPSRC,EP/K028510/1,UNIVERSITY OF CAMBRIDGE,Physics,Kleemann M,2017
EPSRC,EP/K028510/1,UNIVERSITY OF CAMBRIDGE,Physics,Huang F,2015
EPSRC,EP/K028510/1,UNIVERSITY OF CAMBRIDGE,Physics,Huefner A,2013
EPSRC,EP/K028510/1,UNIVERSITY OF CAMBRIDGE,Physics,Sanders A,2016
EPSRC,EP/K028510/1,UNIVERSITY OF CAMBRIDGE,Physics,Ahmad S,2015
EPSRC,EP/K028510/1,UNIVERSITY OF CAMBRIDGE,Physics,Weller L,2016
EPSRC,EP/K028510/1,UNIVERSITY OF CAMBRIDGE,Physics,Kasera S,2014
EPSRC,EP/K028510/1,UNIVERSITY OF CAMBRIDGE,Physics,Taylor R,2016
EPSRC,EP/K028510/1,UNIVERSITY OF CAMBRIDGE,Physics,Mertens J,2017
EPSRC,EP/K028510/1,UNIVERSITY OF CAMBRIDGE,Physics,Chikkaraddy R,2016
EPSRC,EP/K028510/1,UNIVERSITY OF CAMBRIDGE,Physics,Ding T,2015
EPSRC,EP/K028510/1,UNIVERSITY OF CAMBRIDGE,Physics,Chikkaraddy R,2017
EPSRC,EP/K028510/1,UNIVERSITY OF CAMBRIDGE,Physics,Valev VK,2014
EPSRC,EP/K028510/1,UNIVERSITY OF CAMBRIDGE,Physics,Farah P,2014
EPSRC,EP/L003279/1,UNIVERSITY COLLEGE LONDON,Chemical Engineering,Wu G,2015
EPSRC,EP/L003279/1,UNIVERSITY COLLEGE LONDON,Chemical Engineering,Brazier J,2017
EPSRC,EP/L003279/1,UNIVERSITY COLLEGE LONDON,Chemical Engineering,Brazier J,2017
EPSRC,EP/L003279/1,UNIVERSITY COLLEGE LONDON,Chemical Engineering,Wu G,2017
EPSRC,EP/L003279/1,UNIVERSITY COLLEGE LONDON,Chemical Engineering,Venezia B,2019
EPSRC,EP/L003279/1,UNIVERSITY COLLEGE LONDON,Chemical Engineering,Gavriilidis A,2016
EPSRC,EP/L003279/1,UNIVERSITY COLLEGE LONDON,Chemical Engineering,Wu G,2019
EPSRC,EP/L003279/1,UNIVERSITY COLLEGE LONDON,Chemical Engineering,Constantinou A,2015
EPSRC,EP/L003279/1,UNIVERSITY COLLEGE LONDON,Chemical Engineering,Wu G,2016
EPSRC,EP/L003279/1,UNIVERSITY COLLEGE LONDON,Chemical Engineering,Mark. A. Newton,2017
EPSRC,EP/L003279/1,UNIVERSITY COLLEGE LONDON,Chemical Engineering,Mark. A. Newton,2017
EPSRC,EP/L003279/1,UNIVERSITY COLLEGE LONDON,Chemical Engineering,Newton M,2017
EPSRC,EP/L003279/1,UNIVERSITY COLLEGE LONDON,Chemical Engineering,Venezia B,2020
EPSRC,EP/L003279/1,UNIVERSITY COLLEGE LONDON,Chemical Engineering,Newton M,2016
EPSRC,EP/L003279/1,UNIVERSITY COLLEGE LONDON,Chemical Engineering,Wu G,2019
EPSRC,EP/L003279/1,UNIVERSITY COLLEGE LONDON,Chemical Engineering,Newton M,2016
EPSRC,EP/L003279/1,UNIVERSITY COLLEGE LONDON,Chemical Engineering,Venezia B,2023
EPSRC,EP/L003279/1,UNIVERSITY COLLEGE LONDON,Chemical Engineering,Venezia B,2022
EPSRC,EP/L003279/1,UNIVERSITY COLLEGE LONDON,Chemical Engineering,Constantinou A,2018
EPSRC,EP/L003279/1,UNIVERSITY COLLEGE LONDON,Chemical Engineering,Venezia B,2021
EPSRC,EP/L017091/1,UNIVERSITY COLLEGE LONDON,Chemistry,Wilding M,2016
EPSRC,EP/L017091/1,UNIVERSITY COLLEGE LONDON,Chemistry,Suter T,2018
EPSRC,EP/L017091/1,UNIVERSITY COLLEGE LONDON,Chemistry,Mansor N,2016
EPSRC,EP/L017091/1,UNIVERSITY COLLEGE LONDON,Chemistry,Miller T,2017
EPSRC,EP/L017091/1,UNIVERSITY COLLEGE LONDON,Chemistry,Suter TM,2019
EPSRC,EP/L017091/1,UNIVERSITY COLLEGE LONDON,Chemistry,Mansor N,2014
EPSRC,EP/L017091/1,UNIVERSITY COLLEGE LONDON,Chemistry,Miller TS,2017
EPSRC,EP/L017091/1,UNIVERSITY COLLEGE LONDON,Chemistry,Jorge AB,2018
EPSRC,EP/L017091/1,UNIVERSITY COLLEGE LONDON,Chemistry,Jia J,2018
EPSRC,EP/L017091/1,UNIVERSITY COLLEGE LONDON,Chemistry,Jia J,2018
EPSRC,EP/L017091/1,UNIVERSITY COLLEGE LONDON,Chemistry,Quesada-Cabrera R,2015
EPSRC,EP/L017091/1,UNIVERSITY COLLEGE LONDON,Chemistry,Pickard C,2016
EPSRC,EP/L017091/1,UNIVERSITY COLLEGE LONDON,Chemistry,Mansor N,2016
EPSRC,EP/L017091/1,UNIVERSITY COLLEGE LONDON,Chemistry,Jorge A,2014
EPSRC,EP/L017091/1,UNIVERSITY COLLEGE LONDON,Chemistry,Miller T,2015
EPSRC,EP/L017091/1,UNIVERSITY COLLEGE LONDON,Chemistry,Jorge Sobrido A,2015
EPSRC,EP/L017091/1,UNIVERSITY COLLEGE LONDON,Chemistry,Miller TS,2017
EPSRC,EP/L017091/1,UNIVERSITY COLLEGE LONDON,Chemistry,Mansor N,2016
EPSRC,EP/P023436/1,University of Birmingham,Chemical Engineering,Cárdenas B,2017
EPSRC,EP/P023436/1,University of Birmingham,Chemical Engineering,Lin B,2019
EPSRC,EP/P023436/1,University of Birmingham,Chemical Engineering,Davenne T,2017
EPSRC,EP/P023436/1,University of Birmingham,Chemical Engineering,Hutchinson A,2025
EPSRC,EP/R023484/2,University of Glasgow,School of Mathematics & Statistics,Gioia V,2024
EPSRC,EP/R023484/2,University of Glasgow,School of Mathematics & Statistics,Browell J,2022
EPSRC,EP/R023484/2,University of Glasgow,School of Mathematics & Statistics,Gilbert C,2023
EPSRC,EP/R023484/2,University of Glasgow,School of Mathematics & Statistics,Farrokhabadi M,2022
EPSRC,EP/R023484/2,University of Glasgow,School of Mathematics & Statistics,Browell J,2022
EPSRC,EP/S003436/1,Aston University,College of Engineering and Physical Sci,Gordienko V,2023
EPSRC,EP/S003436/1,Aston University,College of Engineering and Physical Sci,Freire P,2022
EPSRC,EP/S003436/1,Aston University,College of Engineering and Physical Sci,Gordienko V,2024
EPSRC,EP/S003436/1,Aston University,College of Engineering and Physical Sci,Gordienko V,2021
EPSRC,EP/S003436/1,Aston University,College of Engineering and Physical Sci,Gordienko V,2023
EPSRC,EP/S003436/1,Aston University,College of Engineering and Physical Sci,Li Y,2022
EPSRC,EP/S003436/1,Aston University,College of Engineering and Physical Sci,Tan M,2021
EPSRC,EP/S003436/1,Aston University,College of Engineering and Physical Sci,Nguyen L,2023
EPSRC,EP/S003436/1,Aston University,College of Engineering and Physical Sci,Nguyen T,2021
EPSRC,EP/S003436/1,Aston University,College of Engineering and Physical Sci,Kamalian-Kopae M,2022
EPSRC,EP/S003436/1,Aston University,College of Engineering and Physical Sci,Li Y,2022
EPSRC,EP/S003436/1,Aston University,College of Engineering and Physical Sci,Nguyen T,2021
EPSRC,EP/S003436/1,Aston University,College of Engineering and Physical Sci,Li Y,2023
EPSRC,EP/S003436/1,Aston University,College of Engineering and Physical Sci,Hu Z,2023
EPSRC,EP/S003436/1,Aston University,College of Engineering and Physical Sci,Wu X,2023
EPSRC,EP/S003436/1,Aston University,College of Engineering and Physical Sci,Ali A,2019
EPSRC,EP/S003436/1,Aston University,College of Engineering and Physical Sci,Nguyen TT,2021
EPSRC,EP/S003436/1,Aston University,College of Engineering and Physical Sci,Nguyen L,2023
EPSRC,EP/S003436/1,Aston University,College of Engineering and Physical Sci,Wu X,2021
EPSRC,EP/S003436/1,Aston University,College of Engineering and Physical Sci,Donodin A,2022
EPSRC,EP/S003436/1,Aston University,College of Engineering and Physical Sci,Yan H,2023
EPSRC,EP/S003436/1,Aston University,College of Engineering and Physical Sci,Sobhanan A,2022
EPSRC,EP/S003436/1,Aston University,College of Engineering and Physical Sci,Tan M,2020
EPSRC,EP/S003436/1,Aston University,College of Engineering and Physical Sci,Huang Z,2021
EPSRC,EP/S003436/1,Aston University,College of Engineering and Physical Sci,Tan M,2019
EPSRC,EP/S003436/1,Aston University,College of Engineering and Physical Sci,Hazarika P,2021
EPSRC,EP/S003436/1,Aston University,College of Engineering and Physical Sci,Bessin F,2022
EPSRC,EP/S003436/1,Aston University,College of Engineering and Physical Sci,Ali A,2021
EPSRC,EP/S003436/1,Aston University,College of Engineering and Physical Sci,Ellis A,2023
EPSRC,EP/S003436/1,Aston University,College of Engineering and Physical Sci,Gordienko V,2024
EPSRC,EP/S003436/1,Aston University,College of Engineering and Physical Sci,Szabó Á,2021
EPSRC,EP/S003436/1,Aston University,College of Engineering and Physical Sci,Hu Z,2022
EPSRC,EP/S003436/1,Aston University,College of Engineering and Physical Sci,Boscolo S,2021
EPSRC,EP/S003436/1,Aston University,College of Engineering and Physical Sci,Hu Z,2023
EPSRC,EP/S003436/1,Aston University,College of Engineering and Physical Sci,Nguyen T,2020
EPSRC,EP/S003436/1,Aston University,College of Engineering and Physical Sci,Ferreira F,2020
EPSRC,EP/S003436/1,Aston University,College of Engineering and Physical Sci,Tan M,2022
EPSRC,EP/S003436/1,Aston University,College of Engineering and Physical Sci,Al-Khateeb M,2019
EPSRC,EP/S003436/1,Aston University,College of Engineering and Physical Sci,Donodin A,2022
EPSRC,EP/S003436/1,Aston University,College of Engineering and Physical Sci,Huang Q,2022
EPSRC,EP/S003436/1,Aston University,College of Engineering and Physical Sci,Gordienko V,2023
EPSRC,EP/S003436/1,Aston University,College of Engineering and Physical Sci,Nguyen T,2020
EPSRC,EP/S003436/1,Aston University,College of Engineering and Physical Sci,Ellis A,2022
EPSRC,EP/S003436/1,Aston University,College of Engineering and Physical Sci,Boscolo S,2022
EPSRC,EP/S003436/1,Aston University,College of Engineering and Physical Sci,Demirtzioglou I,2019
EPSRC,EP/S003436/1,Aston University,College of Engineering and Physical Sci,Gaur C,2021
EPSRC,EP/S003436/1,Aston University,College of Engineering and Physical Sci,Ribeiro V.,2023
EPSRC,EP/S003436/1,Aston University,College of Engineering and Physical Sci,Rosa P,2020
EPSRC,EP/S003436/1,Aston University,College of Engineering and Physical Sci,Hong S,2025
EPSRC,EP/S003436/1,Aston University,College of Engineering and Physical Sci,Ali A,2019
EPSRC,EP/S003436/1,Aston University,College of Engineering and Physical Sci,Donodin A,2022
EPSRC,EP/S003436/1,Aston University,College of Engineering and Physical Sci,Ribeiro V,2022
EPSRC,EP/S003436/1,Aston University,College of Engineering and Physical Sci,Bastamova M,2024
EPSRC,EP/S003436/1,Aston University,College of Engineering and Physical Sci,Tan M,2021
EPSRC,EP/S003436/1,Aston University,College of Engineering and Physical Sci,Nguyen T,2021
EPSRC,EP/S003436/1,Aston University,College of Engineering and Physical Sci,Tingting Zhang,2019
EPSRC,EP/S003436/1,Aston University,College of Engineering and Physical Sci,Li Y,2024
EPSRC,EP/S003436/1,Aston University,College of Engineering and Physical Sci,Huang Z,2021
EPSRC,EP/S003436/1,Aston University,College of Engineering and Physical Sci,Gordienko V,2024
EPSRC,EP/S003436/1,Aston University,College of Engineering and Physical Sci,Li Y,2022
EPSRC,EP/S020837/1,University of Strathclyde,Pure and Applied Chemistry,Mulks F,2020
EPSRC,EP/S020837/1,University of Strathclyde,Pure and Applied Chemistry,Mulks FF,2020
EPSRC,EP/S020837/1,University of Strathclyde,Pure and Applied Chemistry,Fairley M,2020
EPSRC,EP/S020837/1,University of Strathclyde,Pure and Applied Chemistry,Gil-Negrete JM,2020
EPSRC,EP/S03658X/1,UNIVERSITY OF OXFORD,Oxford Chemistry,Thomas A,2023
EPSRC,EP/S03658X/1,UNIVERSITY OF OXFORD,Oxford Chemistry,Davies TQ,2020
EPSRC,EP/S03658X/1,UNIVERSITY OF OXFORD,Oxford Chemistry,Sekirnik A,2022
EPSRC,EP/S03658X/1,UNIVERSITY OF OXFORD,Oxford Chemistry,Thomas AM,2023
EPSRC,EP/S03658X/1,UNIVERSITY OF OXFORD,Oxford Chemistry,Tilby M,2021
EPSRC,EP/S03658X/1,UNIVERSITY OF OXFORD,Oxford Chemistry,Sekirnik AR,2022
EPSRC,EP/S03658X/1,UNIVERSITY OF OXFORD,Oxford Chemistry,Tilby MJ,2021
EPSRC,EP/T033940/1,Brunel University London,Mechanical and Aerospace Engineering,Petrovic B,2022
EPSRC,EP/T033940/1,Brunel University London,Mechanical and Aerospace Engineering,Low M,2024
EPSRC,EP/T033940/1,Brunel University London,Mechanical and Aerospace Engineering,Martinez Q,2023
EPSRC,EP/T033940/1,Brunel University London,Mechanical and Aerospace Engineering,Freire Ordóñez D,2023
EPSRC,EP/T033940/1,Brunel University London,Mechanical and Aerospace Engineering,Masoudi Soltani S,2021
EPSRC,EP/T033940/1,Brunel University London,Mechanical and Aerospace Engineering,Wedler C,2024
EPSRC,EP/T033940/1,Brunel University London,Mechanical and Aerospace Engineering,Low M,2024
EPSRC,EP/T033940/1,Brunel University London,Mechanical and Aerospace Engineering,Low MA,2023
EPSRC,EP/T033940/1,Brunel University London,Mechanical and Aerospace Engineering,Chen C,2023
EPSRC,EP/T033940/1,Brunel University London,Mechanical and Aerospace Engineering,Xia J,2021
EPSRC,EP/T033940/1,Brunel University London,Mechanical and Aerospace Engineering,Low MA,2024
EPSRC,EP/T033940/1,Brunel University London,Mechanical and Aerospace Engineering,Mersch M,2024
EPSRC,EP/T033940/1,Brunel University London,Mechanical and Aerospace Engineering,Chen C,2024
EPSRC,EP/T033940/1,Brunel University London,Mechanical and Aerospace Engineering,Babamohammadi S,2023
EPSRC,EP/T033940/1,Brunel University London,Mechanical and Aerospace Engineering,Azzan H,2023
EPSRC,EP/T033940/1,Brunel University London,Mechanical and Aerospace Engineering,Nedoma M,2024
EPSRC,EP/T033940/1,Brunel University London,Mechanical and Aerospace Engineering,Davies W,2024
EPSRC,EP/T033940/1,Brunel University London,Mechanical and Aerospace Engineering,Yahaya U,2024
EPSRC,EP/T033940/1,Brunel University London,Mechanical and Aerospace Engineering,Chen L,2022
EPSRC,EP/T033940/1,Brunel University London,Mechanical and Aerospace Engineering,Chen C,2023
EPSRC,EP/T033940/1,Brunel University London,Mechanical and Aerospace Engineering,High M,2022
EPSRC,EP/T033940/1,Brunel University London,Mechanical and Aerospace Engineering,L'Hermitte A,2023
EPSRC,EP/T033940/1,Brunel University London,Mechanical and Aerospace Engineering,George Davies W,2023
EPSRC,EP/T033940/1,Brunel University London,Mechanical and Aerospace Engineering,Danaci D,2023
EPSRC,EP/T033940/1,Brunel University London,Mechanical and Aerospace Engineering,Gorbounov M,2024
EPSRC,EP/T033940/1,Brunel University London,Mechanical and Aerospace Engineering,Saenz Cavazos P,2023
EPSRC,EP/T033940/1,Brunel University London,Mechanical and Aerospace Engineering,Zhang H,2021
EPSRC,EP/T033940/1,Brunel University London,Mechanical and Aerospace Engineering,Bui M,2021
EPSRC,EP/T033940/1,Brunel University London,Mechanical and Aerospace Engineering,Chiquier S,2022
EPSRC,EP/T033940/1,Brunel University London,Mechanical and Aerospace Engineering,Mersch M,2024
EPSRC,EP/T033940/1,Brunel University London,Mechanical and Aerospace Engineering,Babamohammadi S,2023
EPSRC,EP/T033940/1,Brunel University London,Mechanical and Aerospace Engineering,High M,2022
EPSRC,EP/T033940/1,Brunel University London,Mechanical and Aerospace Engineering,Gorbounov M,2022
EPSRC,EP/T033940/1,Brunel University London,Mechanical and Aerospace Engineering,Pratama YW,2022
EPSRC,EP/V002325/1,University of Leeds,Pure Mathematics,Miranda A,2023
EPSRC,EP/V002325/1,University of Leeds,Pure Mathematics,Gambino N,2022
EPSRC,EP/V002325/1,University of Leeds,Pure Mathematics,Gambino N,2024
EPSRC,EP/V002325/1,University of Leeds,Pure Mathematics,Miranda A,2024
EPSRC,EP/V002325/1,University of Leeds,Pure Mathematics,Miranda A,2023
EPSRC,EP/V002325/1,University of Leeds,Pure Mathematics,Miranda A,2024
EPSRC,EP/V002325/1,University of Leeds,Pure Mathematics,Awodey S,2024
EPSRC,EP/V002325/1,University of Leeds,Pure Mathematics,Awodey S,2021
EPSRC,EP/V002325/1,University of Leeds,Pure Mathematics,Gambino N,2022
EPSRC,EP/W016036/1,UNIVERSITY OF OXFORD,Engineering Science,Fudge BD,2024
EPSRC,EP/W016036/1,UNIVERSITY OF OXFORD,Engineering Science,Quetzeri-Santiago MA,2021
EPSRC,EP/W016036/1,UNIVERSITY OF OXFORD,Engineering Science,Alventosa L,2022
EPSRC,EP/W016036/1,UNIVERSITY OF OXFORD,Engineering Science,Constante-Amores C,2022
EPSRC,EP/W016036/1,UNIVERSITY OF OXFORD,Engineering Science,Sykes TC,2022
EPSRC,EP/W016036/1,UNIVERSITY OF OXFORD,Engineering Science,Constante-Amores C,2023
EPSRC,EP/W016036/1,UNIVERSITY OF OXFORD,Engineering Science,Alventosa L,2023
EPSRC,EP/W016036/1,UNIVERSITY OF OXFORD,Engineering Science,Orr ACJ,2024
EPSRC,EP/W016036/1,UNIVERSITY OF OXFORD,Engineering Science,Fudge BD,2021
EPSRC,EP/W016036/1,UNIVERSITY OF OXFORD,Engineering Science,Sykes T,2023
EPSRC,EP/W016036/1,UNIVERSITY OF OXFORD,Engineering Science,Holland J,2023
EPSRC,EP/W016036/1,UNIVERSITY OF OXFORD,Engineering Science,Constante-Amores C,2022
EPSRC,EP/W016036/1,UNIVERSITY OF OXFORD,Engineering Science,Fudge BD,2023
EPSRC,EP/W016036/1,UNIVERSITY OF OXFORD,Engineering Science,Constante-Amores C,2022
EPSRC,EP/W016036/1,UNIVERSITY OF OXFORD,Engineering Science,Constante-Amores C,2023
EPSRC,EP/W016036/1,UNIVERSITY OF OXFORD,Engineering Science,Constante-Amores C,2022
EPSRC,EP/W016036/1,UNIVERSITY OF OXFORD,Engineering Science,Varghese N,2024
EPSRC,EP/X00029X/1,UNIVERSITY COLLEGE LONDON,London Centre for Nanotechnology,Watkins R,2023
EPSRC,EP/X00029X/1,UNIVERSITY COLLEGE LONDON,London Centre for Nanotechnology,Salter PS,2024
EPSRC,EP/X03903X/1,UNIVERSITY OF OXFORD,Engineering Science,Lomele M,2025
Horizon Europe Guarantee,EP/Y036816/1,The University of Manchester,Physics and Astronomy,Bara S,2024
Horizon Europe Guarantee,EP/Y036816/1,The University of Manchester,Physics and Astronomy,Athanasakis-Kaklamanakis M,2024
Horizon Europe Guarantee,EP/Y036816/1,The University of Manchester,Physics and Astronomy,Karthein J,2024
Horizon Europe Guarantee,EP/Y036816/1,The University of Manchester,Physics and Astronomy,Athanasakis-Kaklamanakis M,2025
ESRC,ES/E019218/1,National Centre for Social Research,Research Department,Curtice J,2008
ESRC,ES/E019218/1,National Centre for Social Research,Research Department,Curtice J,2014
ESRC,ES/I029621/1,University of Surrey,English,Palancar E,2016
ESRC,ES/I029621/1,University of Surrey,English,Palancar E,2014
ESRC,ES/I029621/1,University of Surrey,English,Feist T,2016
ESRC,ES/I029621/1,University of Surrey,English,Palancar E,2012
ESRC,ES/I029621/1,University of Surrey,English,Corbett G,2015
ESRC,ES/I029621/1,University of Surrey,English,Palancar E,2012
ESRC,ES/I029621/1,University of Surrey,English,Palancar E,2016
ESRC,ES/I029621/1,University of Surrey,English,Palancar E,2015
ESRC,ES/I029621/1,University of Surrey,English,Palancar E,2013
ESRC,ES/I029621/1,University of Surrey,English,Palancar E,2012
ESRC,ES/I029621/1,University of Surrey,English,Palancar E,2016
ESRC,ES/I029621/1,University of Surrey,English,Feist T,2021
ESRC,ES/J018155/1,Wildlife Conservation Society,Grants Administration,Beauchamp E,2018
ESRC,ES/J018155/1,Wildlife Conservation Society,Grants Administration,Milner-Gulland EJ,2014
ESRC,ES/J018155/1,Wildlife Conservation Society,Grants Administration,Beauchamp E,2019
ESRC,ES/J018155/1,Wildlife Conservation Society,Grants Administration,Clements T,2015
ESRC,ES/J018155/1,Wildlife Conservation Society,Grants Administration,Brockington D,2015
ESRC,ES/J018155/1,Wildlife Conservation Society,Grants Administration,Woodhouse E,2018
ESRC,ES/J018155/1,Wildlife Conservation Society,Grants Administration,Ingram J,2014
ESRC,ES/J018155/1,Wildlife Conservation Society,Grants Administration,de Lange E,2016
ESRC,ES/J018155/1,Wildlife Conservation Society,Grants Administration,Wright JH,2016
ESRC,ES/J018155/1,Wildlife Conservation Society,Grants Administration,Woodhouse E,2015
ESRC,ES/J018155/1,Wildlife Conservation Society,Grants Administration,Clements T,2014
ESRC,ES/K001175/1,UNIVERSITY OF EXETER,Geography,Guy S,2014
ESRC,ES/K001175/1,UNIVERSITY OF EXETER,Geography,Handmer J,2016
ESRC,ES/K001175/1,UNIVERSITY OF EXETER,Geography,Guy S,2013
ESRC,ES/K001175/1,UNIVERSITY OF EXETER,Geography,O'Neill S,2013
ESRC,ES/K001175/1,UNIVERSITY OF EXETER,Geography,O'Neill S,2013
ESRC,ES/K001175/1,UNIVERSITY OF EXETER,Geography,O'Neill S,2016
ESRC,ES/K001175/1,UNIVERSITY OF EXETER,Geography,O'Neill S,2012
ESRC,ES/K001175/1,UNIVERSITY OF EXETER,Geography,O'Neill S,2015
ESRC,ES/K001175/1,UNIVERSITY OF EXETER,Geography,O'Neill S,2013
ESRC,ES/K001175/1,UNIVERSITY OF EXETER,Geography,Barnett J,2013
ESRC,ES/K001175/1,UNIVERSITY OF EXETER,Geography,O'Neill S,2019
ESRC,ES/L001802/1,UNIVERSITY COLLEGE LONDON,Division of Psychiatry,Wenborn J,2023
ESRC,ES/L001802/1,UNIVERSITY COLLEGE LONDON,Division of Psychiatry,Yates L,2019
ESRC,ES/L001802/1,UNIVERSITY COLLEGE LONDON,Division of Psychiatry,Waite J,2019
ESRC,ES/L001802/1,UNIVERSITY COLLEGE LONDON,Division of Psychiatry,Davies HR,2017
ESRC,ES/L001802/1,UNIVERSITY COLLEGE LONDON,Division of Psychiatry,Wenborn J,2023
ESRC,ES/L001802/1,UNIVERSITY COLLEGE LONDON,Division of Psychiatry,Higgs P,2017
ESRC,ES/L001802/1,UNIVERSITY COLLEGE LONDON,Division of Psychiatry,Rafnsson SB,2020
ESRC,ES/L001802/1,UNIVERSITY COLLEGE LONDON,Division of Psychiatry,d'Orsi E,2014
ESRC,ES/L001802/1,UNIVERSITY COLLEGE LONDON,Division of Psychiatry,Xavier AJ,2014
ESRC,ES/L001802/1,UNIVERSITY COLLEGE LONDON,Division of Psychiatry,Bartels SL,2020
ESRC,ES/L001802/1,UNIVERSITY COLLEGE LONDON,Division of Psychiatry,Khondoker M,2017
ESRC,ES/L001802/1,UNIVERSITY COLLEGE LONDON,Division of Psychiatry,Birt L,2017
ESRC,ES/L001802/1,UNIVERSITY COLLEGE LONDON,Division of Psychiatry,Di Lorito C,2017
ESRC,ES/L001802/1,UNIVERSITY COLLEGE LONDON,Division of Psychiatry,Stoner C,2017
ESRC,ES/L001802/1,UNIVERSITY COLLEGE LONDON,Division of Psychiatry,Stoner CR,2015
ESRC,ES/L001802/1,UNIVERSITY COLLEGE LONDON,Division of Psychiatry,Hackett RA,2018
ESRC,ES/L001802/1,UNIVERSITY COLLEGE LONDON,Division of Psychiatry,García-Casal JA,2017
ESRC,ES/L001802/1,UNIVERSITY COLLEGE LONDON,Division of Psychiatry,Poland F,2016
ESRC,ES/L001802/1,UNIVERSITY COLLEGE LONDON,Division of Psychiatry,d'Orsi E,2018
ESRC,ES/L001802/1,UNIVERSITY COLLEGE LONDON,Division of Psychiatry,Walton H,2020
ESRC,ES/L001802/1,UNIVERSITY COLLEGE LONDON,Division of Psychiatry,Higgs P,2017
ESRC,ES/L001802/1,UNIVERSITY COLLEGE LONDON,Division of Psychiatry,Stoner CR,2017
ESRC,ES/L001802/1,UNIVERSITY COLLEGE LONDON,Division of Psychiatry,Soni M,2017
ESRC,ES/L011662/2,UNIVERSITY COLLEGE LONDON,Social Science,Mullan K,2022
ESRC,ES/L011662/2,UNIVERSITY COLLEGE LONDON,Social Science,Chan S,2024
ESRC,ES/L011662/2,UNIVERSITY COLLEGE LONDON,Social Science,Vagni G,2022
ESRC,ES/L011662/2,UNIVERSITY COLLEGE LONDON,Social Science,Sullivan O,2020
ESRC,ES/L011662/2,UNIVERSITY COLLEGE LONDON,Social Science,Vagni G,2021
ESRC,ES/L011662/2,UNIVERSITY COLLEGE LONDON,Social Science,Sullivan O,2020
ESRC,ES/L011662/2,UNIVERSITY COLLEGE LONDON,Social Science,Kolpashnikova K,2021
ESRC,ES/L011662/2,UNIVERSITY COLLEGE LONDON,Social Science,Sullivan O,2021
ESRC,ES/L011662/2,UNIVERSITY COLLEGE LONDON,Social Science,Mullan K,2020
ESRC,ES/L011662/2,UNIVERSITY COLLEGE LONDON,Social Science,Gershuny J,2021
ESRC,ES/L011662/2,UNIVERSITY COLLEGE LONDON,Social Science,Sullivan O,2021
ESRC,ES/L011662/2,UNIVERSITY COLLEGE LONDON,Social Science,Mullan K,2020
ESRC,ES/L011662/2,UNIVERSITY COLLEGE LONDON,Social Science,Sullivan O,2019
ESRC,ES/P000118/1,London School of Economics & Pol Sci,Statistics,Pillinger R,2024
ESRC,ES/P000118/1,London School of Economics & Pol Sci,Statistics,Kuha J,2023
ESRC,ES/P000118/1,London School of Economics & Pol Sci,Statistics,Steele F,2022
ESRC,ES/P000118/1,London School of Economics & Pol Sci,Statistics,Steele F,2024
ESRC,ES/P000118/1,London School of Economics & Pol Sci,Statistics,Zhang S,2024
ESRC,ES/P000118/1,London School of Economics & Pol Sci,Statistics,Steele F,2021
ESRC,ES/P000118/1,London School of Economics & Pol Sci,Statistics,Skinner C,2020
FIC,ES/T007079/1,CARDIFF UNIVERSITY,Sch of Psychology,Zhang Q,2022
FIC,ES/T007079/1,CARDIFF UNIVERSITY,Sch of Psychology,Marcinkiewicz V,2023
FIC,ES/T007079/1,CARDIFF UNIVERSITY,Sch of Psychology,Marcinkiewicz V,2023
FIC,ES/T007079/1,CARDIFF UNIVERSITY,Sch of Psychology,Wallbridge Christopher D.,2024
FIC,ES/T007079/1,CARDIFF UNIVERSITY,Sch of Psychology,Zhang Q,2024
FIC,ES/T007079/1,CARDIFF UNIVERSITY,Sch of Psychology,Rice NM,2022
FIC,ES/T007079/1,CARDIFF UNIVERSITY,Sch of Psychology,Zhang Q,2022
ESRC,ES/V007661/1,King's College London,"Education,Communication & Society",Steadman S,2021
ESRC,ES/V007661/1,King's College London,"Education,Communication & Society",Steadman S,2021
ESRC,ES/V007661/1,King's College London,"Education,Communication & Society",Ellis V,2020
ESRC,ES/W001241/1,University of York,Language and Linguistic Science,Hughes V,2024
ESRC,ES/W001241/1,University of York,Language and Linguistic Science,Xu C,2024
ESRC,ES/W001241/1,University of York,Language and Linguistic Science,Wang BX,2024
ESRC,ES/W001241/1,University of York,Language and Linguistic Science,Hughes V,2023
ESRC,ES/W001241/1,University of York,Language and Linguistic Science,Wang B,2022
MRC,MC_PC_16066,University of Birmingham,UNLISTED,Bowen TJ,2021
MRC,MC_PC_16066,University of Birmingham,UNLISTED,Iacucci M,2017
MRC,MC_PC_16066,University of Birmingham,UNLISTED,Roberts PA,2019
MRC,MC_PC_16066,University of Birmingham,UNLISTED,Iacucci M,2017
MRC,MC_PC_16066,University of Birmingham,UNLISTED,Iacucci M,2017
MRC,MC_PC_16066,University of Birmingham,UNLISTED,Roberts PA,2018
MRC,MR/L002345/1,Queen Mary University of London,William Harvey Research Institute,Soares ML,2018
MRC,MR/L002345/1,Queen Mary University of London,William Harvey Research Institute,Cleaton MA,2016
MRC,MR/L002345/1,Queen Mary University of London,William Harvey Research Institute,Cassidy FC,2018
MRC,MR/L002345/1,Queen Mary University of London,William Harvey Research Institute,Scagliotti V,2023
MRC,MR/L002345/1,Queen Mary University of London,William Harvey Research Institute,Howard M,2015
MRC,MR/L002345/1,Queen Mary University of London,William Harvey Research Institute,LaMarche NM,2018
MRC,MR/L002345/1,Queen Mary University of London,William Harvey Research Institute,Furse S,2021
MRC,MR/L002345/1,Queen Mary University of London,William Harvey Research Institute,Pedraza-Arevalo S,2022
MRC,MR/L002345/1,Queen Mary University of London,William Harvey Research Institute,Macdougall CE,2018
MRC,MR/L002345/1,Queen Mary University of London,William Harvey Research Institute,Geach T,2017
MRC,MR/L002345/1,Queen Mary University of London,William Harvey Research Institute,Amarsi R,2024
MRC,MR/L002345/1,Queen Mary University of London,William Harvey Research Institute,Macdougall CE,2019
MRC,MR/L002345/1,Queen Mary University of London,William Harvey Research Institute,Amarsi R,2023
MRC,MR/L002345/1,Queen Mary University of London,William Harvey Research Institute,Novoselova TV,2018
MRC,MR/L002345/1,Queen Mary University of London,William Harvey Research Institute,Scagliotti V,2021
MRC,MR/L002345/1,Queen Mary University of London,William Harvey Research Institute,Furse S,2021
MRC,MR/L002345/1,Queen Mary University of London,William Harvey Research Institute,Scagliotti V,2022
MRC,MR/N01121X/1,Imperial College London,Immunology and Inflammation,Papathanassiu AE,2017
MRC,MR/N01121X/1,Imperial College London,Immunology and Inflammation,Pereira M,2018
MRC,MR/N01121X/1,Imperial College London,Immunology and Inflammation,Pereira M,2020
MRC,MR/N01121X/1,Imperial College London,Immunology and Inflammation,Hameed S,2017
MRC,MR/N01121X/1,Imperial College London,Immunology and Inflammation,Olona A,2021
MRC,MR/N01121X/1,Imperial College London,Immunology and Inflammation,Srivastava PK,2017
MRC,MR/N01121X/1,Imperial College London,Immunology and Inflammation,Pereira M,2020
MRC,MR/N01121X/1,Imperial College London,Immunology and Inflammation,Buang N,2021
MRC,MR/N01121X/1,Imperial College London,Immunology and Inflammation,Ahmadzadeh K,2023
MRC,MR/N01121X/1,Imperial College London,Immunology and Inflammation,Papathanassiu A,2020
MRC,MR/N01121X/1,Imperial College London,Immunology and Inflammation,Martínez-Micaelo N,2016
MRC,MR/N01121X/1,Imperial College London,Immunology and Inflammation,Moreno-Moral A,2018
MRC,MR/N01121X/1,Imperial College London,Immunology and Inflammation,Pereira M,2019
MRC,MR/N01121X/1,Imperial College London,Immunology and Inflammation,Olona A,2022
MRC,MR/N01121X/1,Imperial College London,Immunology and Inflammation,Srivastava PK,2018
MRC,MR/N01121X/1,Imperial College London,Immunology and Inflammation,Moreno-Moral A,2017
MRC,MR/N01121X/1,Imperial College London,Immunology and Inflammation,Gisby J,2021
MRC,MR/N01121X/1,Imperial College London,Immunology and Inflammation,Olona A,2021
MRC,MR/N01121X/1,Imperial College London,Immunology and Inflammation,Guerrero A,2019
MRC,MR/N01121X/1,Imperial College London,Immunology and Inflammation,Chen TD,2017
MRC,MR/N01121X/1,Imperial College London,Immunology and Inflammation,Olona A,2018
MRC,MR/N01121X/1,Imperial College London,Immunology and Inflammation,Behmoaras J,2021
MRC,MR/N01121X/1,Imperial College London,Immunology and Inflammation,Bagnati M,2019
MRC,MR/N01121X/1,Imperial College London,Immunology and Inflammation,Behmoaras J,2021
MRC,MR/N01121X/1,Imperial College London,Immunology and Inflammation,Prendecki M,2022
MRC,MR/N01121X/1,Imperial College London,Immunology and Inflammation,Chen T,2017
MRC,MR/N01121X/1,Imperial College London,Immunology and Inflammation,Muralidharan S,2022
MRC,MR/N01121X/1,Imperial College London,Immunology and Inflammation,Ko JH,2020
MRC,MR/N01121X/1,Imperial College London,Immunology and Inflammation,Pereira M,2019
MRC,MR/R009066/1,University of York,Chemistry,Jirácek J,2020
MRC,MR/R009066/1,University of York,Chemistry,Potalitsyn P,2023
MRC,MR/R009066/1,University of York,Chemistry,Jungwirth P,2018
MRC,MR/R009066/1,University of York,Chemistry,Machácková K,2019
MRC,MR/R009066/1,University of York,Chemistry,Pompach P,2019
MRC,MR/R009066/1,University of York,Chemistry,Potalitsyn P,2023
MRC,MR/R009066/1,University of York,Chemistry,Asai S,2022
MRC,MR/R009066/1,University of York,Chemistry,Dzianová P,2020
MRC,MR/R009066/1,University of York,Chemistry,Roed NK,2018
MRC,MR/R009066/1,University of York,Chemistry,Brezina K,2018
MRC,MR/R009066/1,University of York,Chemistry,Chrudinová M,2018
MRC,MR/R009066/1,University of York,Chemistry,Lin J,2023
MRC,MR/R009066/1,University of York,Chemistry,Lin J,2023
MRC,MR/R009066/1,University of York,Chemistry,Viola C,2023
MRC,MR/R009066/1,University of York,Chemistry,Asai S,2021
MRC,MR/R009066/1,University of York,Chemistry,Brezina K,2018
MRC,MR/R009066/1,University of York,Chemistry,Viola CM,2023
MRC,MR/R009066/1,University of York,Chemistry,Páníková T,2021
MRC,MR/R009066/1,University of York,Chemistry,Potalitsyn P,2020
MRC,MR/R009066/1,University of York,Chemistry,Fabre B,2018
MRC,MR/R009066/1,University of York,Chemistry,Machácková K,2018
MRC,MR/R009066/1,University of York,Chemistry,Lubos M,2023
MRC,MR/R009066/1,University of York,Chemistry,Pícha J,2018
MRC,MR/R009066/1,University of York,Chemistry,Chrudinová M,2021
MRC,MR/R009066/1,University of York,Chemistry,Viola C,2023
NERC,NE/G00014X/1,Imperial College London,Life Sciences - Biology,Elias M,2013
NERC,NE/G00014X/1,Imperial College London,Life Sciences - Biology,Fontaine C,2011
NERC,NE/G00014X/1,Imperial College London,Life Sciences - Biology,Henri D,2011
NERC,NE/S016031/1,The University of Manchester,"Environment, Education and Development",Connelly A,2023
NERC,NE/S016031/1,The University of Manchester,"Environment, Education and Development",Connelly A,2020
NERC,NE/T00648X/1,University of Leeds,School of Earth and Environment,Harrison A,2022
NERC,NE/T00648X/1,University of Leeds,School of Earth and Environment,Sanchez-Marroquin A,2023
NERC,NE/T00648X/1,University of Leeds,School of Earth and Environment,Sanchez-Marroquin A,2022
NERC,NE/T00648X/1,University of Leeds,School of Earth and Environment,Herbert R,2025
NERC,NE/T00648X/1,University of Leeds,School of Earth and Environment,Murray B,2021
NERC,NE/T00648X/1,University of Leeds,School of Earth and Environment,Vogel F,2024
NERC,NE/T00648X/1,University of Leeds,School of Earth and Environment,Kojoj J,2024
NERC,NE/T00648X/1,University of Leeds,School of Earth and Environment,Raif E,2024
NERC,NE/T00648X/1,University of Leeds,School of Earth and Environment,Barr S,2023
NERC,NE/T00648X/1,University of Leeds,School of Earth and Environment,Porter G,2022
NERC,NE/T00648X/1,University of Leeds,School of Earth and Environment,Herbert R,2024
NERC,NE/T00648X/1,University of Leeds,School of Earth and Environment,"Porter, Grace C.E.",2022
NERC,NE/T00648X/1,University of Leeds,School of Earth and Environment,Adams M,2021
NERC,NE/T00648X/1,University of Leeds,School of Earth and Environment,Raif E,2024
NERC,NE/T00648X/1,University of Leeds,School of Earth and Environment,Murray B,2020
NERC,NE/T00648X/1,University of Leeds,School of Earth and Environment,Huang X,2025
NERC,NE/T00648X/1,University of Leeds,School of Earth and Environment,Adebiyi A,2023
NERC,NE/T00648X/1,University of Leeds,School of Earth and Environment,Porter GCE,2022
NERC,NE/T00648X/1,University of Leeds,School of Earth and Environment,Sanchez-Marroquin A,2021
NERC,NE/T00648X/1,University of Leeds,School of Earth and Environment,Maters E,2020
NERC,NE/T00648X/1,University of Leeds,School of Earth and Environment,Harrison A,2022
NERC,NE/T00648X/1,University of Leeds,School of Earth and Environment,Meinander O,2022
NERC,NE/T00648X/1,University of Leeds,School of Earth and Environment,Sanchez-Marroquin A,2020
NERC,NE/T00648X/1,University of Leeds,School of Earth and Environment,Coe H,2025
NERC,NE/T00648X/1,University of Leeds,School of Earth and Environment,Fahy WD,2022
NERC,NE/T00648X/1,University of Leeds,School of Earth and Environment,Mirrielees Jessica A.,2024
NERC,NE/T00648X/1,University of Leeds,School of Earth and Environment,Tarn M,2025
NERC,NE/T00648X/1,University of Leeds,School of Earth and Environment,Porter G,2021
NERC,NE/T00648X/1,University of Leeds,School of Earth and Environment,Proske U,2025
NERC,NE/T00648X/1,University of Leeds,School of Earth and Environment,Porter GCE,2020
NERC,NE/T00648X/1,University of Leeds,School of Earth and Environment,Daily M,2023
NERC,NE/T00648X/1,University of Leeds,School of Earth and Environment,Toll V,2024
NERC,NE/T00648X/1,University of Leeds,School of Earth and Environment,Adams M,2021
NERC,NE/Y003365/1,NATIONAL OCEANOGRAPHY CENTRE,Science and Technology,Spingys CP,2024
STFC,ST/G000557/1,University of Southampton,Sch of Physics and Astronomy,Cooper I,2010
STFC,ST/G000557/1,University of Southampton,Sch of Physics and Astronomy,Di Bari P,2013
STFC,ST/G000557/1,University of Southampton,Sch of Physics and Astronomy,Colangelo G,2010
STFC,ST/G000557/1,University of Southampton,Sch of Physics and Astronomy,Aoki Y,2011
STFC,ST/G000557/1,University of Southampton,Sch of Physics and Astronomy,Arthur R,2010
STFC,ST/G000557/1,University of Southampton,Sch of Physics and Astronomy,Choubey S,2010
STFC,ST/G000557/1,University of Southampton,Sch of Physics and Astronomy,Hall J,2010
STFC,ST/G000557/1,University of Southampton,Sch of Physics and Astronomy,Athron P,2009
STFC,ST/G000557/1,University of Southampton,Sch of Physics and Astronomy,Albertus C,2010
STFC,ST/G000557/1,University of Southampton,Sch of Physics and Astronomy,Sachrajda C,2009
STFC,ST/G000557/1,University of Southampton,Sch of Physics and Astronomy,Sachrajda C,2011
STFC,ST/G000557/1,University of Southampton,Sch of Physics and Astronomy,Antusch S,2012
STFC,ST/G000557/1,University of Southampton,Sch of Physics and Astronomy,Luhn C,2011
STFC,ST/G000557/1,University of Southampton,Sch of Physics and Astronomy,Sachrajda C,2015
STFC,ST/G000557/1,University of Southampton,Sch of Physics and Astronomy,Bari P,2014
STFC,ST/G000557/1,University of Southampton,Sch of Physics and Astronomy,Chen M,2009
STFC,ST/G000557/1,University of Southampton,Sch of Physics and Astronomy,Sivalingam K,2012
STFC,ST/G000557/1,University of Southampton,Sch of Physics and Astronomy,Di Bari P,2014
STFC,ST/G000557/1,University of Southampton,Sch of Physics and Astronomy,Fu C,2009
STFC,ST/G000557/1,University of Southampton,Sch of Physics and Astronomy,Antusch S,2011
STFC,ST/G000557/1,University of Southampton,Sch of Physics and Astronomy,King S,2010
STFC,ST/G000557/1,University of Southampton,Sch of Physics and Astronomy,Hall J,2009
STFC,ST/G000557/1,University of Southampton,Sch of Physics and Astronomy,Bai Z,2015
STFC,ST/G000557/1,University of Southampton,Sch of Physics and Astronomy,King S,2010
STFC,ST/G000557/1,University of Southampton,Sch of Physics and Astronomy,Arthur R,2011
STFC,ST/G000557/1,University of Southampton,Sch of Physics and Astronomy,Wenger U,2014
STFC,ST/G000557/1,University of Southampton,Sch of Physics and Astronomy,Di Bari P,2012
STFC,ST/G000557/1,University of Southampton,Sch of Physics and Astronomy,Antusch S,2012
STFC,ST/G000557/1,University of Southampton,Sch of Physics and Astronomy,Di Bari P,2013
STFC,ST/G000557/1,University of Southampton,Sch of Physics and Astronomy,King S,2011
STFC,ST/G000557/1,University of Southampton,Sch of Physics and Astronomy,Sachrajda C,2008
STFC,ST/G000557/1,University of Southampton,Sch of Physics and Astronomy,Blum T,2012
STFC,ST/G000557/1,University of Southampton,Sch of Physics and Astronomy,Antusch S,2011
STFC,ST/G000557/1,University of Southampton,Sch of Physics and Astronomy,Boyle P,2010
STFC,ST/G000557/1,University of Southampton,Sch of Physics and Astronomy,Christ N,2015
STFC,ST/G000557/1,University of Southampton,Sch of Physics and Astronomy,Antusch S,2010
STFC,ST/G000557/1,University of Southampton,Sch of Physics and Astronomy,King S,2011
STFC,ST/G000557/1,University of Southampton,Sch of Physics and Astronomy,Di Bari P,2011
STFC,ST/G000557/1,University of Southampton,Sch of Physics and Astronomy,Kim C,2010
STFC,ST/G000557/1,University of Southampton,Sch of Physics and Astronomy,Aoki S,2013
STFC,ST/G000557/1,University of Southampton,Sch of Physics and Astronomy,Hall J,2011
STFC,ST/G000557/1,University of Southampton,Sch of Physics and Astronomy,Sturm C,2009
STFC,ST/G000557/1,University of Southampton,Sch of Physics and Astronomy,Lytle A,2011
STFC,ST/G000557/1,University of Southampton,Sch of Physics and Astronomy,Antusch S,2010
STFC,ST/G000557/1,University of Southampton,Sch of Physics and Astronomy,King S,2011
STFC,ST/G000557/1,University of Southampton,Sch of Physics and Astronomy,Sachrajda C,2011
STFC,ST/G000557/1,University of Southampton,Sch of Physics and Astronomy,King S,2010
STFC,ST/G000557/1,University of Southampton,Sch of Physics and Astronomy,Hall J,2011
STFC,ST/G000557/1,University of Southampton,Sch of Physics and Astronomy,Cooper I,2012
STFC,ST/G000557/1,University of Southampton,Sch of Physics and Astronomy,Goode E,2011
STFC,ST/G000557/1,University of Southampton,Sch of Physics and Astronomy,Blanchet S,2012
STFC,ST/G000557/1,University of Southampton,Sch of Physics and Astronomy,Antusch S,2010
STFC,ST/G000557/1,University of Southampton,Sch of Physics and Astronomy,Bai Z,2014
STFC,ST/G000557/1,University of Southampton,Sch of Physics and Astronomy,Athron P,2009
STFC,ST/G000557/1,University of Southampton,Sch of Physics and Astronomy,King S,2009
STFC,ST/G000557/1,University of Southampton,Sch of Physics and Astronomy,Juttner A,2010
STFC,ST/G000557/1,University of Southampton,Sch of Physics and Astronomy,Antusch S,2011
STFC,ST/G000557/1,University of Southampton,Sch of Physics and Astronomy,Ishikawa T,2011
STFC,ST/G000557/1,University of Southampton,Sch of Physics and Astronomy,Christ N,2013
STFC,ST/G000557/1,University of Southampton,Sch of Physics and Astronomy,Aoki Y,2011
STFC,ST/G000557/1,University of Southampton,Sch of Physics and Astronomy,Athron P,2009
STFC,ST/G000557/1,University of Southampton,Sch of Physics and Astronomy,Antusch S,2009
STFC,ST/G000557/1,University of Southampton,Sch of Physics and Astronomy,Luhn C,2011
STFC,ST/G000557/1,University of Southampton,Sch of Physics and Astronomy,Antusch S,2012
STFC,ST/G000557/1,University of Southampton,Sch of Physics and Astronomy,Antusch S,2010
STFC,ST/G000557/1,University of Southampton,Sch of Physics and Astronomy,Di Bari P,2013
STFC,ST/G000557/1,University of Southampton,Sch of Physics and Astronomy,Sharpe S,2012
STFC,ST/G000557/1,University of Southampton,Sch of Physics and Astronomy,Arthur R,2010
STFC,ST/G000557/1,University of Southampton,Sch of Physics and Astronomy,Lightman M,2009
STFC,ST/G000557/1,University of Southampton,Sch of Physics and Astronomy,King S,2010
STFC,ST/G000557/1,University of Southampton,Sch of Physics and Astronomy,Blum T,2015
STFC,ST/G000557/1,University of Southampton,Sch of Physics and Astronomy,"Antusch, Stefan",2011
STFC,ST/G000557/1,University of Southampton,Sch of Physics and Astronomy,Sachrajda C,2010
STFC,ST/G000557/1,University of Southampton,Sch of Physics and Astronomy,Christ N,2015
STFC,ST/G000557/1,University of Southampton,Sch of Physics and Astronomy,Boyle P,2013
STFC,ST/G000557/1,University of Southampton,Sch of Physics and Astronomy,Lightman M,2011
STFC,ST/G000557/1,University of Southampton,Sch of Physics and Astronomy,Ishikawa T,2011
STFC,ST/G000557/1,University of Southampton,Sch of Physics and Astronomy,Boyle P,2013
STFC,ST/G000557/1,University of Southampton,Sch of Physics and Astronomy,Choubey S,2010
STFC,ST/G000557/1,University of Southampton,Sch of Physics and Astronomy,Di Bari P,2014
STFC,ST/G000557/1,University of Southampton,Sch of Physics and Astronomy,Burrows T,2010
STFC,ST/G000557/1,University of Southampton,Sch of Physics and Astronomy,Boyle PA,2013
STFC,ST/G000557/1,University of Southampton,Sch of Physics and Astronomy,Athron P,2009
STFC,ST/G000557/1,University of Southampton,Sch of Physics and Astronomy,Beneke M,2009
STFC,ST/G000557/1,University of Southampton,Sch of Physics and Astronomy,Rae T,2011
STFC,ST/G000557/1,University of Southampton,Sch of Physics and Astronomy,FLAG Working Group,2014
STFC,ST/G000557/1,University of Southampton,Sch of Physics and Astronomy,Blanchet S,2012
STFC,ST/G000557/1,University of Southampton,Sch of Physics and Astronomy,Burrows T,2011
STFC,ST/G000557/1,University of Southampton,Sch of Physics and Astronomy,Goode E,2012
STFC,ST/G000557/1,University of Southampton,Sch of Physics and Astronomy,King S,2009
STFC,ST/G000557/1,University of Southampton,Sch of Physics and Astronomy,Lytle A,2013
STFC,ST/G000557/1,University of Southampton,Sch of Physics and Astronomy,Antusch S,2009
STFC,ST/G000557/1,University of Southampton,Sch of Physics and Astronomy,Arthur R,2013
STFC,ST/G000557/1,University of Southampton,Sch of Physics and Astronomy,King S,2010
STFC,ST/G000557/1,University of Southampton,Sch of Physics and Astronomy,Blum T,2012
STFC,ST/G000557/1,University of Southampton,Sch of Physics and Astronomy,Antusch S,2010
STFC,ST/G000557/1,University of Southampton,Sch of Physics and Astronomy,Di Bari P,2012
STFC,ST/G000557/1,University of Southampton,Sch of Physics and Astronomy,Colangelo G,2011
STFC,ST/G000557/1,University of Southampton,Sch of Physics and Astronomy,Goode E,2011
STFC,ST/G000557/1,University of Southampton,Sch of Physics and Astronomy,Zanotti J,2009
STFC,ST/G000557/1,University of Southampton,Sch of Physics and Astronomy,Antusch S,2011
STFC,ST/G000557/1,University of Southampton,Sch of Physics and Astronomy,Antusch S,2010
STFC,ST/G000557/1,University of Southampton,Sch of Physics and Astronomy,Athron P,2011
STFC,ST/G000557/1,University of Southampton,Sch of Physics and Astronomy,King S,2010
STFC,ST/G000557/1,University of Southampton,Sch of Physics and Astronomy,King S,2009
STFC,ST/G000557/1,University of Southampton,Sch of Physics and Astronomy,Capelli S,2013
STFC,ST/G000557/1,University of Southampton,Sch of Physics and Astronomy,Christ NH,2010
STFC,ST/G000557/1,University of Southampton,Sch of Physics and Astronomy,Cooper I,2011
STFC,ST/G000557/1,University of Southampton,Sch of Physics and Astronomy,Hall J,2011
STFC,ST/G000557/1,University of Southampton,Sch of Physics and Astronomy,Sturm C,2009
STFC,ST/G000557/1,University of Southampton,Sch of Physics and Astronomy,King S,2012
STFC,ST/G000557/1,University of Southampton,Sch of Physics and Astronomy,Di Bari P,2013
STFC,ST/G000557/1,University of Southampton,Sch of Physics and Astronomy,Athron P,2009
STFC,ST/G000557/1,University of Southampton,Sch of Physics and Astronomy,Cooper I,2010
STFC,ST/G000557/1,University of Southampton,Sch of Physics and Astronomy,King S,2009
STFC,ST/G000557/1,University of Southampton,Sch of Physics and Astronomy,Antusch S,2011
STFC,ST/G000557/1,University of Southampton,Sch of Physics and Astronomy,Hagedorn C,2010
STFC,ST/G000557/1,University of Southampton,Sch of Physics and Astronomy,Zanotti J,2010
STFC,ST/G000557/1,University of Southampton,Sch of Physics and Astronomy,Fu C,2009
STFC,ST/G000557/1,University of Southampton,Sch of Physics and Astronomy,Hur T,2009
STFC,ST/G000557/1,University of Southampton,Sch of Physics and Astronomy,Hagedorn C,2010
STFC,ST/G000557/1,University of Southampton,Sch of Physics and Astronomy,Blum T,2011
STFC,ST/G000557/1,University of Southampton,Sch of Physics and Astronomy,Bai Z,2015
STFC,ST/G000557/1,University of Southampton,Sch of Physics and Astronomy,King S,2011
STFC,ST/G000557/1,University of Southampton,Sch of Physics and Astronomy,King S,2011
STFC,ST/G000557/1,University of Southampton,Sch of Physics and Astronomy,Bai Z,2014
STFC,ST/G000557/1,University of Southampton,Sch of Physics and Astronomy,Bari P,2014
STFC,ST/G000557/1,University of Southampton,Sch of Physics and Astronomy,Kelly C,2010
STFC,ST/G000557/1,University of Southampton,Sch of Physics and Astronomy,Hall J,2011
STFC,ST/G000557/1,University of Southampton,Sch of Physics and Astronomy,Albertus C,2010
STFC,ST/G000557/1,University of Southampton,Sch of Physics and Astronomy,Beneke M,2009
STFC,ST/G000557/1,University of Southampton,Sch of Physics and Astronomy,Athron P,2008
STFC,ST/G000557/1,University of Southampton,Sch of Physics and Astronomy,Christ N,2012
STFC,ST/G000557/1,University of Southampton,Sch of Physics and Astronomy,Boyle P,2012
STFC,ST/G004234/1,UNIVERSITY COLLEGE LONDON,Physics and Astronomy,Cook S,2017
STFC,ST/G004234/1,UNIVERSITY COLLEGE LONDON,Physics and Astronomy,Coughlan J,2011
STFC,ST/G004234/1,UNIVERSITY COLLEGE LONDON,Physics and Astronomy,Cook S,2013
STFC,ST/G004234/1,UNIVERSITY COLLEGE LONDON,Physics and Astronomy,Cook S,2013
STFC,ST/J000914/1,Liverpool John Moores University,Astrophysics Research Institute,Jermak H,2016
STFC,ST/J000914/1,Liverpool John Moores University,Astrophysics Research Institute,Kopac? D,2015
STFC,ST/J000914/1,Liverpool John Moores University,Astrophysics Research Institute,Japelj J,2014
STFC,ST/J000914/1,Liverpool John Moores University,Astrophysics Research Institute,Arnold D,2012
STFC,ST/J000914/1,Liverpool John Moores University,Astrophysics Research Institute,Slowikowska A,2016
STFC,ST/L00478X/1,University of Edinburgh,Sch of Physics and Astronomy,Bashkanov M,2017
STFC,ST/L00478X/1,University of Edinburgh,Sch of Physics and Astronomy,Zachariou N,2021
STFC,ST/L00478X/1,University of Edinburgh,Sch of Physics and Astronomy,Dieterle M,2018
STFC,ST/L00478X/1,University of Edinburgh,Sch of Physics and Astronomy,Adlarson P,2019
STFC,ST/L00478X/1,University of Edinburgh,Sch of Physics and Astronomy,Cividini F,2022
STFC,ST/L00478X/1,University of Edinburgh,Sch of Physics and Astronomy,Adlarson P,2018
STFC,ST/L00478X/1,University of Edinburgh,Sch of Physics and Astronomy,Dieterle M,2020
STFC,ST/L00478X/1,University of Edinburgh,Sch of Physics and Astronomy,Witthauer L,2017
STFC,ST/L00478X/1,University of Edinburgh,Sch of Physics and Astronomy,Witthauer L,2017
STFC,ST/L00478X/1,University of Edinburgh,Sch of Physics and Astronomy,Watts DP,2021
STFC,ST/L00478X/1,University of Edinburgh,Sch of Physics and Astronomy,Dalal R,2024
STFC,ST/L00478X/1,University of Edinburgh,Sch of Physics and Astronomy,Rowley J,2021
STFC,ST/L00478X/1,University of Edinburgh,Sch of Physics and Astronomy,Adlarson P,2017
STFC,ST/L00478X/1,University of Edinburgh,Sch of Physics and Astronomy,Adlarson P,2020
STFC,ST/L00478X/1,University of Edinburgh,Sch of Physics and Astronomy,Käser A,2018
STFC,ST/L00478X/1,University of Edinburgh,Sch of Physics and Astronomy,Burkert V,2020
STFC,ST/L00478X/1,University of Edinburgh,Sch of Physics and Astronomy,Dieterle M,2017
STFC,ST/L00478X/1,University of Edinburgh,Sch of Physics and Astronomy,Adlarson P,2020
STFC,ST/L00478X/1,University of Edinburgh,Sch of Physics and Astronomy,Chatagnon P,2021
STFC,ST/L00478X/1,University of Edinburgh,Sch of Physics and Astronomy,Dieterle M,2018
STFC,ST/L00478X/1,University of Edinburgh,Sch of Physics and Astronomy,Adlarson P,2018
STFC,ST/L00478X/1,University of Edinburgh,Sch of Physics and Astronomy,Bashkanov M,2018
STFC,ST/L00478X/1,University of Edinburgh,Sch of Physics and Astronomy,Diehl S,2020
STFC,ST/L00478X/1,University of Edinburgh,Sch of Physics and Astronomy,Hu T,2020
STFC,ST/L00478X/1,University of Edinburgh,Sch of Physics and Astronomy,Hinsu AT,2018
STFC,ST/L00478X/1,University of Edinburgh,Sch of Physics and Astronomy,Bashkanov M,2020
STFC,ST/L00478X/1,University of Edinburgh,Sch of Physics and Astronomy,The A2 Collaboration,2022
STFC,ST/L00478X/1,University of Edinburgh,Sch of Physics and Astronomy,Adlarson P,2016
STFC,ST/L00478X/1,University of Edinburgh,Sch of Physics and Astronomy,Dalal R,2022
STFC,ST/L00478X/1,University of Edinburgh,Sch of Physics and Astronomy,Skorodko T,2019
STFC,ST/L00478X/1,University of Edinburgh,Sch of Physics and Astronomy,Vidaña I,2017
STFC,ST/L00478X/1,University of Edinburgh,Sch of Physics and Astronomy,Bashkanov M,2015
STFC,ST/L00478X/1,University of Edinburgh,Sch of Physics and Astronomy,Adlarson P,2017
STFC,ST/L00478X/1,University of Edinburgh,Sch of Physics and Astronomy,Dieterle M,2017
STFC,ST/L00478X/1,University of Edinburgh,Sch of Physics and Astronomy,Adlarson P,2016
STFC,ST/L00478X/1,University of Edinburgh,Sch of Physics and Astronomy,Mullen C,2021
STFC,ST/L00478X/1,University of Edinburgh,Sch of Physics and Astronomy,Bashkanov M,2020
STFC,ST/L00478X/1,University of Edinburgh,Sch of Physics and Astronomy,Adlarson P,2016
STFC,ST/L00478X/1,University of Edinburgh,Sch of Physics and Astronomy,Adlarson P,2020
STFC,ST/L00478X/1,University of Edinburgh,Sch of Physics and Astronomy,Paudyal D,2019
STFC,ST/L00478X/1,University of Edinburgh,Sch of Physics and Astronomy,Bashkanov M,2015
STFC,ST/L00478X/1,University of Edinburgh,Sch of Physics and Astronomy,Vidaña I,2018
STFC,ST/L00478X/1,University of Edinburgh,Sch of Physics and Astronomy,Schmidt A,2020
STFC,ST/L00478X/1,University of Edinburgh,Sch of Physics and Astronomy,"Witthauer, L.",2016
STFC,ST/L00478X/1,University of Edinburgh,Sch of Physics and Astronomy,Adlarson P,2020
STFC,ST/L00478X/1,University of Edinburgh,Sch of Physics and Astronomy,COSY Collaboration,2017
STFC,ST/L00478X/1,University of Edinburgh,Sch of Physics and Astronomy,Bashkanov M,2015
STFC,ST/L00478X/1,University of Edinburgh,Sch of Physics and Astronomy,Bashkanov M,2015
STFC,ST/L00478X/1,University of Edinburgh,Sch of Physics and Astronomy,Adlarson P,2016
STFC,ST/L00478X/1,University of Edinburgh,Sch of Physics and Astronomy,Adlarson P,2020
STFC,ST/L00478X/1,University of Edinburgh,Sch of Physics and Astronomy,Bashkanov M,2019
STFC,ST/L00478X/1,University of Edinburgh,Sch of Physics and Astronomy,Witthauer L,2016
STFC,ST/L00478X/1,University of Edinburgh,Sch of Physics and Astronomy,Witthauer L,2017
STFC,ST/L00478X/1,University of Edinburgh,Sch of Physics and Astronomy,Acker A,2020
STFC,ST/L00478X/1,University of Edinburgh,Sch of Physics and Astronomy,Mantziris A,2020
STFC,ST/L00478X/1,University of Edinburgh,Sch of Physics and Astronomy,Bashkanov M,2015
STFC,ST/L00478X/1,University of Edinburgh,Sch of Physics and Astronomy,Dieterle M,2020
STFC,ST/L00478X/1,University of Edinburgh,Sch of Physics and Astronomy,Morán S,2022
STFC,ST/L00478X/1,University of Edinburgh,Sch of Physics and Astronomy,"Witthauer, L.",2017
STFC,ST/L00478X/1,University of Edinburgh,Sch of Physics and Astronomy,Paudyal D,2020
STFC,ST/L00478X/1,University of Edinburgh,Sch of Physics and Astronomy,"Dieterle, M.",2017
STFC,ST/L00478X/1,University of Edinburgh,Sch of Physics and Astronomy,Käser A,2018
STFC,ST/L00478X/1,University of Edinburgh,Sch of Physics and Astronomy,Mantziris A,2020
